{
  "type": "FeatureCollection",
  "generator": "overpass-turbo",
  "copyright": "The data included in this document is from www.openstreetmap.org. The data is made available under ODbL.",
  "timestamp": "2025-09-01T02:10:43Z",
  "features": [
    {
      "type": "Feature",
      "properties": {
        "@id": "way/77851775",
        "area": "yes",
        "highway": "residential",
        "name": "Madison Court"
      },
      "geometry": {
        "type": "Polygon",
        "coordinates": [
          [
            [
              -76.347902,
              40.1082918
            ],
            [
              -76.3477406,
              40.1084699
            ],
            [
              -76.3479349,
              40.1085616
            ],
            [
              -76.3480896,
              40.1083888
            ],
            [
              -76.347902,
              40.1082918
            ]
          ]
        ]
      },
      "id": "way/77851775"
    },
    {
      "type": "Feature",
      "properties": {
        "@id": "way/78290292",
        "area": "yes",
        "highway": "residential",
        "name": "Olde Meadow Court"
      },
      "geometry": {
        "type": "Polygon",
        "coordinates": [
          [
            [
              -76.3491314,
              40.1062784
            ],
            [
              -76.3491351,
              40.1062135
            ],
            [
              -76.3485542,
              40.1061334
            ],
            [
              -76.3484878,
              40.1063853
            ],
            [
              -76.3487585,
              40.1064194
            ],
            [
              -76.3490558,
              40.106456
            ],
            [
              -76.349101,
              40.1063325
            ],
            [
              -76.3491314,
              40.1062784
            ]
          ]
        ]
      },
      "id": "way/78290292"
    },
    {
      "type": "Feature",
      "properties": {
        "@id": "way/11928985",
        "alt_name": "South Pine Street",
        "highway": "residential",
        "name": "Pine Street",
        "tiger:cfcc": "A41",
        "tiger:county": "Lancaster, PA",
        "tiger:name_base": "Pine",
        "tiger:name_direction_prefix": "S",
        "tiger:name_type": "St",
        "tiger:reviewed": "yes",
        "tiger:zip_left": "17520",
        "tiger:zip_right": "17520"
      },
      "geometry": {
        "type": "LineString",
        "coordinates": [
          [
            -76.3523519,
            40.0994049
          ],
          [
            -76.352351,
            40.099458
          ],
          [
            -76.352349,
            40.099551
          ],
          [
            -76.352356,
            40.099912
          ],
          [
            -76.3523633,
            40.1000314
          ],
          [
            -76.352377,
            40.1001616
          ]
        ]
      },
      "id": "way/11928985"
    },
    {
      "type": "Feature",
      "properties": {
        "@id": "way/11929506",
        "highway": "residential",
        "name": "Eaton Circle"
      },
      "geometry": {
        "type": "LineString",
        "coordinates": [
          [
            -76.3489674,
            40.1046258
          ],
          [
            -76.3488347,
            40.1047787
          ],
          [
            -76.3486112,
            40.1049577
          ]
        ]
      },
      "id": "way/11929506"
    },
    {
      "type": "Feature",
      "properties": {
        "@id": "way/11929524",
        "highway": "residential",
        "name": "Linden Street"
      },
      "geometry": {
        "type": "LineString",
        "coordinates": [
          [
            -76.3555679,
            40.0966042
          ],
          [
            -76.3554381,
            40.0965976
          ],
          [
            -76.354028,
            40.096508
          ],
          [
            -76.3529538,
            40.096431
          ],
          [
            -76.352411,
            40.096395
          ],
          [
            -76.352307,
            40.096396
          ],
          [
            -76.352225,
            40.096402
          ]
        ]
      },
      "id": "way/11929524"
    },
    {
      "type": "Feature",
      "properties": {
        "@id": "way/11929928",
        "highway": "residential",
        "name": "High Street",
        "surface": "asphalt",
        "tiger:cfcc": "A41",
        "tiger:county": "Lancaster, PA",
        "tiger:name_base": "High",
        "tiger:name_type": "St",
        "tiger:reviewed": "yes",
        "tiger:zip_left": "17520",
        "tiger:zip_right": "17520"
      },
      "geometry": {
        "type": "LineString",
        "coordinates": [
          [
            -76.3599763,
            40.1022325
          ],
          [
            -76.359976,
            40.1023193
          ],
          [
            -76.359943,
            40.1031353
          ],
          [
            -76.3599198,
            40.10407
          ],
          [
            -76.3599136,
            40.1045386
          ],
          [
            -76.359903,
            40.104698
          ],
          [
            -76.3599051,
            40.1048963
          ],
          [
            -76.3599389,
            40.1050738
          ],
          [
            -76.3603695,
            40.1065136
          ],
          [
            -76.3603853,
            40.1066455
          ],
          [
            -76.3603658,
            40.1067517
          ],
          [
            -76.3602289,
            40.1071798
          ],
          [
            -76.3602001,
            40.1072573
          ]
        ]
      },
      "id": "way/11929928"
    },
    {
      "type": "Feature",
      "properties": {
        "@id": "way/11935766",
        "highway": "residential",
        "name": "Split Rail Drive",
        "tiger:cfcc": "A41",
        "tiger:county": "Lancaster, PA",
        "tiger:name_base": "Split Rail",
        "tiger:name_type": "Dr",
        "tiger:reviewed": "yes",
        "tiger:zip_left": "17520",
        "tiger:zip_right": "17520"
      },
      "geometry": {
        "type": "LineString",
        "coordinates": [
          [
            -76.3471294,
            40.0988343
          ],
          [
            -76.3472093,
            40.0997424
          ],
          [
            -76.3472181,
            40.0998813
          ],
          [
            -76.3472107,
            40.0999654
          ],
          [
            -76.3471801,
            40.1000488
          ],
          [
            -76.3471039,
            40.1001386
          ],
          [
            -76.3469944,
            40.1002177
          ],
          [
            -76.3468844,
            40.100275
          ],
          [
            -76.3448724,
            40.1010086
          ],
          [
            -76.3423757,
            40.1019132
          ]
        ]
      },
      "id": "way/11935766"
    },
    {
      "type": "Feature",
      "properties": {
        "@id": "way/11936717",
        "highway": "residential",
        "name": "Olde Meadow Court"
      },
      "geometry": {
        "type": "LineString",
        "coordinates": [
          [
            -76.3496674,
            40.1063226
          ],
          [
            -76.3494809,
            40.1063075
          ],
          [
            -76.3491314,
            40.1062784
          ],
          [
            -76.3490609,
            40.106269
          ],
          [
            -76.348608,
            40.1062084
          ],
          [
            -76.3485814,
            40.1063596
          ],
          [
            -76.3490179,
            40.1064172
          ],
          [
            -76.3490609,
            40.106269
          ]
        ]
      },
      "id": "way/11936717"
    },
    {
      "type": "Feature",
      "properties": {
        "@id": "way/11936841",
        "highway": "residential",
        "name": "Lincoln Court",
        "tiger:cfcc": "A41",
        "tiger:county": "Lancaster, PA",
        "tiger:name_base": "Lincoln",
        "tiger:name_type": "Ct",
        "tiger:zip_left": "17520",
        "tiger:zip_right": "17520"
      },
      "geometry": {
        "type": "LineString",
        "coordinates": [
          [
            -76.3517337,
            40.1059919
          ],
          [
            -76.3517576,
            40.1058535
          ],
          [
            -76.3517686,
            40.1057963
          ],
          [
            -76.3517697,
            40.1057794
          ],
          [
            -76.3517744,
            40.1057041
          ],
          [
            -76.3517614,
            40.1056325
          ],
          [
            -76.3517358,
            40.1055791
          ],
          [
            -76.3517273,
            40.1055613
          ],
          [
            -76.3516986,
            40.105516
          ],
          [
            -76.3516561,
            40.1054735
          ],
          [
            -76.3516099,
            40.1054314
          ],
          [
            -76.3515096,
            40.1053647
          ],
          [
            -76.351421,
            40.1052985
          ],
          [
            -76.3513752,
            40.105253
          ],
          [
            -76.3513365,
            40.1051885
          ],
          [
            -76.351307,
            40.10513
          ],
          [
            -76.3512931,
            40.1050635
          ],
          [
            -76.351318,
            40.1049492
          ],
          [
            -76.3513936,
            40.1048586
          ],
          [
            -76.3514589,
            40.1048016
          ],
          [
            -76.351532,
            40.1047444
          ],
          [
            -76.3516612,
            40.1047085
          ],
          [
            -76.3517477,
            40.104702
          ],
          [
            -76.3518498,
            40.1047004
          ],
          [
            -76.3520546,
            40.1047482
          ]
        ]
      },
      "id": "way/11936841"
    },
    {
      "type": "Feature",
      "properties": {
        "@id": "way/11937113",
        "highway": "residential",
        "name": "Chrismar Way"
      },
      "geometry": {
        "type": "LineString",
        "coordinates": [
          [
            -76.3460206,
            40.1058919
          ],
          [
            -76.3457295,
            40.1058615
          ],
          [
            -76.345582,
            40.1058864
          ],
          [
            -76.3454607,
            40.1059132
          ],
          [
            -76.3453058,
            40.1059828
          ],
          [
            -76.3452325,
            40.1060711
          ],
          [
            -76.345173,
            40.106156
          ],
          [
            -76.345161,
            40.106199
          ],
          [
            -76.345156,
            40.106291
          ],
          [
            -76.345158,
            40.106337
          ],
          [
            -76.3451599,
            40.106477
          ],
          [
            -76.3451729,
            40.1065943
          ],
          [
            -76.3451785,
            40.1066343
          ],
          [
            -76.3451868,
            40.1066782
          ],
          [
            -76.3451991,
            40.1067672
          ],
          [
            -76.3452142,
            40.1068223
          ],
          [
            -76.3452447,
            40.1068681
          ],
          [
            -76.3452924,
            40.106926
          ],
          [
            -76.3453458,
            40.1069718
          ],
          [
            -76.3454113,
            40.1070086
          ],
          [
            -76.3454959,
            40.107056
          ],
          [
            -76.3456354,
            40.107071
          ],
          [
            -76.3457748,
            40.107084
          ],
          [
            -76.3459174,
            40.1070811
          ],
          [
            -76.3460537,
            40.1070797
          ],
          [
            -76.3461657,
            40.1070519
          ],
          [
            -76.346268,
            40.1070136
          ],
          [
            -76.3464698,
            40.1069233
          ]
        ]
      },
      "id": "way/11937113"
    },
    {
      "type": "Feature",
      "properties": {
        "@id": "way/11937813",
        "highway": "residential",
        "name": "Hollow Drive"
      },
      "geometry": {
        "type": "LineString",
        "coordinates": [
          [
            -76.346059,
            40.1029849
          ],
          [
            -76.346121,
            40.10304
          ],
          [
            -76.34614,
            40.103127
          ],
          [
            -76.346214,
            40.103874
          ],
          [
            -76.3462212,
            40.1039414
          ],
          [
            -76.3462037,
            40.1040275
          ],
          [
            -76.3461474,
            40.1040787
          ],
          [
            -76.3461268,
            40.1041864
          ],
          [
            -76.3461101,
            40.1042625
          ],
          [
            -76.3461053,
            40.1043241
          ],
          [
            -76.3460992,
            40.1044754
          ],
          [
            -76.346129,
            40.104875
          ],
          [
            -76.3461263,
            40.1052589
          ],
          [
            -76.3461279,
            40.105386
          ],
          [
            -76.3460722,
            40.1057099
          ],
          [
            -76.3460206,
            40.1058919
          ],
          [
            -76.3460189,
            40.1060403
          ],
          [
            -76.3460253,
            40.10614
          ],
          [
            -76.346043,
            40.106251
          ],
          [
            -76.3460669,
            40.1063471
          ],
          [
            -76.3461143,
            40.1064448
          ],
          [
            -76.3461906,
            40.1065367
          ],
          [
            -76.3464698,
            40.1069233
          ],
          [
            -76.3465971,
            40.1070876
          ],
          [
            -76.3467366,
            40.1072622
          ],
          [
            -76.3468412,
            40.1073808
          ],
          [
            -76.3468811,
            40.1074176
          ],
          [
            -76.3469122,
            40.1074545
          ],
          [
            -76.3469942,
            40.1075428
          ],
          [
            -76.3470623,
            40.1076113
          ],
          [
            -76.347254,
            40.1077739
          ],
          [
            -76.3475301,
            40.1079296
          ],
          [
            -76.3480049,
            40.1081816
          ],
          [
            -76.3484822,
            40.1084143
          ],
          [
            -76.3486821,
            40.1084902
          ],
          [
            -76.3487345,
            40.1085142
          ],
          [
            -76.3487782,
            40.1085343
          ],
          [
            -76.3489181,
            40.1085909
          ],
          [
            -76.3490133,
            40.1085961
          ],
          [
            -76.3491743,
            40.1086021
          ],
          [
            -76.3493673,
            40.1085877
          ],
          [
            -76.349504,
            40.108565
          ],
          [
            -76.3496894,
            40.1085069
          ],
          [
            -76.3498661,
            40.1084272
          ],
          [
            -76.3502732,
            40.1081933
          ],
          [
            -76.350428,
            40.1080788
          ],
          [
            -76.3504999,
            40.1080194
          ],
          [
            -76.3505629,
            40.1079324
          ],
          [
            -76.3506179,
            40.1077981
          ],
          [
            -76.350629,
            40.107716
          ],
          [
            -76.350645,
            40.107637
          ],
          [
            -76.35065,
            40.107583
          ],
          [
            -76.350644,
            40.1075
          ],
          [
            -76.350618,
            40.1074213
          ],
          [
            -76.35058,
            40.1073444
          ],
          [
            -76.3505591,
            40.1073096
          ],
          [
            -76.350461,
            40.1071943
          ],
          [
            -76.35036,
            40.1071014
          ],
          [
            -76.3501986,
            40.1069598
          ],
          [
            -76.3498491,
            40.1067032
          ],
          [
            -76.3497746,
            40.1066236
          ],
          [
            -76.3497422,
            40.1065718
          ],
          [
            -76.3497161,
            40.106484
          ],
          [
            -76.3497,
            40.106418
          ],
          [
            -76.3496674,
            40.1063226
          ],
          [
            -76.3496852,
            40.1062388
          ],
          [
            -76.3497057,
            40.1061547
          ],
          [
            -76.3497311,
            40.1060106
          ],
          [
            -76.3498025,
            40.1057392
          ]
        ]
      },
      "id": "way/11937813"
    },
    {
      "type": "Feature",
      "properties": {
        "@id": "way/11937951",
        "highway": "residential",
        "name": "Broad Street",
        "tiger:cfcc": "A41",
        "tiger:county": "Lancaster, PA",
        "tiger:name_base": "Broad",
        "tiger:name_type": "St",
        "tiger:reviewed": "yes",
        "tiger:zip_left": "17520",
        "tiger:zip_right": "17520"
      },
      "geometry": {
        "type": "LineString",
        "coordinates": [
          [
            -76.3565329,
            40.1025364
          ],
          [
            -76.3558133,
            40.1025456
          ],
          [
            -76.3556745,
            40.1025481
          ],
          [
            -76.3551167,
            40.1025564
          ],
          [
            -76.3542309,
            40.102572
          ],
          [
            -76.3539749,
            40.102576
          ],
          [
            -76.3536338,
            40.1025814
          ],
          [
            -76.3534314,
            40.1025846
          ],
          [
            -76.3534157,
            40.1025848
          ],
          [
            -76.3524271,
            40.1025917
          ],
          [
            -76.3524247,
            40.1025647
          ]
        ]
      },
      "id": "way/11937951"
    },
    {
      "type": "Feature",
      "properties": {
        "@id": "way/11937958",
        "highway": "residential",
        "name": "Broad Street"
      },
      "geometry": {
        "type": "LineString",
        "coordinates": [
          [
            -76.346059,
            40.1029849
          ],
          [
            -76.3459734,
            40.1029728
          ],
          [
            -76.345881,
            40.1029655
          ],
          [
            -76.3457034,
            40.1029983
          ],
          [
            -76.3449215,
            40.1031909
          ],
          [
            -76.3448033,
            40.1032308
          ],
          [
            -76.3446759,
            40.1032746
          ],
          [
            -76.3444945,
            40.1033392
          ],
          [
            -76.3442069,
            40.1034432
          ],
          [
            -76.3440397,
            40.1035117
          ],
          [
            -76.3439622,
            40.1035608
          ],
          [
            -76.3439149,
            40.1036209
          ],
          [
            -76.3438966,
            40.103686
          ],
          [
            -76.3438606,
            40.1037907
          ]
        ]
      },
      "id": "way/11937958"
    },
    {
      "type": "Feature",
      "properties": {
        "@id": "way/11938035",
        "highway": "residential",
        "name": "Orchard Street"
      },
      "geometry": {
        "type": "LineString",
        "coordinates": [
          [
            -76.3555201,
            40.097221
          ],
          [
            -76.3547931,
            40.0972025
          ],
          [
            -76.354744,
            40.0971995
          ],
          [
            -76.3542183,
            40.0971575
          ],
          [
            -76.3537101,
            40.0971213
          ],
          [
            -76.3533198,
            40.0970688
          ],
          [
            -76.3527323,
            40.0970271
          ],
          [
            -76.3525839,
            40.0970272
          ]
        ]
      },
      "id": "way/11938035"
    },
    {
      "type": "Feature",
      "properties": {
        "@id": "way/11938045",
        "highway": "residential",
        "name": "Sundra Drive",
        "surface": "asphalt",
        "tiger:cfcc": "A41",
        "tiger:county": "Lancaster, PA",
        "tiger:name_base": "Sundra",
        "tiger:name_type": "Dr",
        "tiger:reviewed": "yes",
        "tiger:zip_left": "17520",
        "tiger:zip_right": "17520"
      },
      "geometry": {
        "type": "LineString",
        "coordinates": [
          [
            -76.3629247,
            40.1031963
          ],
          [
            -76.3630319,
            40.103653
          ],
          [
            -76.3633443,
            40.1048797
          ],
          [
            -76.3636938,
            40.1062263
          ],
          [
            -76.3637105,
            40.1063568
          ],
          [
            -76.3636651,
            40.1067004
          ],
          [
            -76.3635551,
            40.1075309
          ],
          [
            -76.3635446,
            40.1076109
          ]
        ]
      },
      "id": "way/11938045"
    },
    {
      "type": "Feature",
      "properties": {
        "@id": "way/11938761",
        "highway": "residential",
        "name": "Franklin Drive"
      },
      "geometry": {
        "type": "LineString",
        "coordinates": [
          [
            -76.3517337,
            40.1059919
          ],
          [
            -76.3516546,
            40.1064161
          ],
          [
            -76.351771,
            40.106608
          ],
          [
            -76.3519431,
            40.1069017
          ],
          [
            -76.3519451,
            40.1070598
          ]
        ]
      },
      "id": "way/11938761"
    },
    {
      "type": "Feature",
      "properties": {
        "@id": "way/11939099",
        "highway": "residential",
        "name": "Parkridge Drive"
      },
      "geometry": {
        "type": "LineString",
        "coordinates": [
          [
            -76.3492192,
            40.1013613
          ],
          [
            -76.349081,
            40.1014297
          ],
          [
            -76.348912,
            40.1015063
          ],
          [
            -76.3486341,
            40.1016109
          ],
          [
            -76.3484836,
            40.101663
          ],
          [
            -76.3481972,
            40.1017629
          ],
          [
            -76.3480151,
            40.1018353
          ],
          [
            -76.3479241,
            40.1018863
          ],
          [
            -76.3478331,
            40.1019603
          ],
          [
            -76.3477891,
            40.1020153
          ],
          [
            -76.3477561,
            40.1020893
          ],
          [
            -76.3477431,
            40.1021563
          ],
          [
            -76.3477371,
            40.1022853
          ],
          [
            -76.3477248,
            40.1032352
          ]
        ]
      },
      "id": "way/11939099"
    },
    {
      "type": "Feature",
      "properties": {
        "@id": "way/11939158",
        "highway": "residential",
        "name": "Lake Drive",
        "tiger:cfcc": "A41",
        "tiger:county": "Lancaster, PA",
        "tiger:name_base": "Lake",
        "tiger:name_type": "Dr",
        "tiger:reviewed": "yes",
        "tiger:zip_left": "17520",
        "tiger:zip_right": "17520"
      },
      "geometry": {
        "type": "LineString",
        "coordinates": [
          [
            -76.3442382,
            40.0906965
          ],
          [
            -76.3445896,
            40.0908924
          ],
          [
            -76.3447017,
            40.0909992
          ],
          [
            -76.34476,
            40.0910818
          ],
          [
            -76.3448051,
            40.0911643
          ],
          [
            -76.3448313,
            40.0912236
          ],
          [
            -76.3448509,
            40.0913018
          ],
          [
            -76.3448539,
            40.091387
          ],
          [
            -76.344855,
            40.091485
          ],
          [
            -76.344792,
            40.09178
          ],
          [
            -76.344768,
            40.091865
          ],
          [
            -76.344725,
            40.092077
          ],
          [
            -76.3447031,
            40.0921636
          ],
          [
            -76.3446892,
            40.0922188
          ],
          [
            -76.344592,
            40.092591
          ],
          [
            -76.344553,
            40.09276
          ],
          [
            -76.344516,
            40.092985
          ],
          [
            -76.344504,
            40.093212
          ],
          [
            -76.3444997,
            40.0933011
          ],
          [
            -76.344514,
            40.09344
          ],
          [
            -76.344536,
            40.093588
          ],
          [
            -76.344585,
            40.093793
          ],
          [
            -76.344643,
            40.093956
          ],
          [
            -76.3448716,
            40.0944907
          ]
        ]
      },
      "id": "way/11939158"
    },
    {
      "type": "Feature",
      "properties": {
        "@id": "way/11939206",
        "highway": "residential",
        "name": "Miriam Circle",
        "tiger:cfcc": "A41",
        "tiger:county": "Lancaster, PA",
        "tiger:name_base": "Miriam",
        "tiger:name_type": "Cir",
        "tiger:reviewed": "yes",
        "tiger:zip_left": "17520",
        "tiger:zip_right": "17520"
      },
      "geometry": {
        "type": "LineString",
        "coordinates": [
          [
            -76.3637105,
            40.1063568
          ],
          [
            -76.3640829,
            40.1063421
          ],
          [
            -76.3642806,
            40.1063579
          ],
          [
            -76.3644161,
            40.1064018
          ],
          [
            -76.364515,
            40.1064584
          ],
          [
            -76.364579,
            40.1065097
          ],
          [
            -76.3646221,
            40.1065665
          ],
          [
            -76.3646779,
            40.1067208
          ],
          [
            -76.3648233,
            40.1070409
          ],
          [
            -76.3648876,
            40.1071082
          ],
          [
            -76.3649638,
            40.1071711
          ]
        ]
      },
      "id": "way/11939206"
    },
    {
      "type": "Feature",
      "properties": {
        "@id": "way/11939480",
        "highway": "residential",
        "name": "Morris Drive"
      },
      "geometry": {
        "type": "LineString",
        "coordinates": [
          [
            -76.3516546,
            40.1064161
          ],
          [
            -76.3512195,
            40.1064788
          ],
          [
            -76.3509369,
            40.1065186
          ],
          [
            -76.3507306,
            40.1065967
          ],
          [
            -76.3504156,
            40.1068194
          ],
          [
            -76.3501986,
            40.1069598
          ]
        ]
      },
      "id": "way/11939480"
    },
    {
      "type": "Feature",
      "properties": {
        "@id": "way/11939855",
        "hgv": "no",
        "highway": "residential",
        "name": "Reeves Road",
        "tiger:cfcc": "A41",
        "tiger:county": "Lancaster, PA",
        "tiger:name_base": "Reeves",
        "tiger:name_type": "Rd",
        "tiger:reviewed": "yes",
        "tiger:zip_left": "17520",
        "tiger:zip_right": "17520"
      },
      "geometry": {
        "type": "LineString",
        "coordinates": [
          [
            -76.350669,
            40.0985444
          ],
          [
            -76.351023,
            40.099197
          ],
          [
            -76.351095,
            40.09934
          ],
          [
            -76.351131,
            40.099481
          ],
          [
            -76.351191,
            40.100063
          ],
          [
            -76.351202,
            40.100207
          ],
          [
            -76.351217,
            40.1002975
          ]
        ]
      },
      "id": "way/11939855"
    },
    {
      "type": "Feature",
      "properties": {
        "@id": "way/11940271",
        "highway": "residential",
        "name": "Brook Drive",
        "tiger:cfcc": "A41",
        "tiger:county": "Lancaster, PA",
        "tiger:name_base": "Brook",
        "tiger:name_type": "Dr",
        "tiger:reviewed": "yes",
        "tiger:zip_left": "17520",
        "tiger:zip_right": "17520"
      },
      "geometry": {
        "type": "LineString",
        "coordinates": [
          [
            -76.344001,
            40.0894
          ],
          [
            -76.344174,
            40.089505
          ],
          [
            -76.344311,
            40.089611
          ],
          [
            -76.344374,
            40.08967
          ],
          [
            -76.344451,
            40.089757
          ],
          [
            -76.344503,
            40.089847
          ],
          [
            -76.34454,
            40.089941
          ],
          [
            -76.34456,
            40.090018
          ],
          [
            -76.344569,
            40.090124
          ],
          [
            -76.34456,
            40.090202
          ],
          [
            -76.344548,
            40.090257
          ],
          [
            -76.344506,
            40.090369
          ],
          [
            -76.344443,
            40.090473
          ],
          [
            -76.3442382,
            40.0906965
          ],
          [
            -76.34413,
            40.090781
          ],
          [
            -76.343463,
            40.0914
          ],
          [
            -76.342781,
            40.092024
          ],
          [
            -76.342657,
            40.092159
          ],
          [
            -76.342594,
            40.092246
          ],
          [
            -76.342527,
            40.092379
          ],
          [
            -76.342504,
            40.092445
          ],
          [
            -76.342468,
            40.092622
          ],
          [
            -76.342469,
            40.092771
          ],
          [
            -76.342488,
            40.0929
          ],
          [
            -76.3425677,
            40.0932081
          ]
        ]
      },
      "id": "way/11940271"
    },
    {
      "type": "Feature",
      "properties": {
        "@id": "way/11940383",
        "highway": "residential",
        "name": "Oak Street"
      },
      "geometry": {
        "type": "LineString",
        "coordinates": [
          [
            -76.3554311,
            40.0984877
          ],
          [
            -76.354695,
            40.0984446
          ],
          [
            -76.354429,
            40.098429
          ],
          [
            -76.3543062,
            40.0984218
          ],
          [
            -76.3541491,
            40.0984104
          ],
          [
            -76.3540102,
            40.0984004
          ],
          [
            -76.3534284,
            40.0983794
          ],
          [
            -76.353307,
            40.0983665
          ]
        ]
      },
      "id": "way/11940383"
    },
    {
      "type": "Feature",
      "properties": {
        "@id": "way/11941351",
        "highway": "residential",
        "name": "Brown Circle",
        "tiger:cfcc": "A41",
        "tiger:county": "Lancaster, PA",
        "tiger:name_base": "Brown",
        "tiger:name_type": "Cir",
        "tiger:reviewed": "yes"
      },
      "geometry": {
        "type": "LineString",
        "coordinates": [
          [
            -76.3446892,
            40.0922188
          ],
          [
            -76.3454706,
            40.0923158
          ]
        ]
      },
      "id": "way/11941351"
    },
    {
      "type": "Feature",
      "properties": {
        "@id": "way/11941980",
        "highway": "residential",
        "name": "Fairfax Circle"
      },
      "geometry": {
        "type": "LineString",
        "coordinates": [
          [
            -76.3473356,
            40.1041989
          ],
          [
            -76.3473513,
            40.1043272
          ],
          [
            -76.3473408,
            40.1047523
          ]
        ]
      },
      "id": "way/11941980"
    },
    {
      "type": "Feature",
      "properties": {
        "@id": "way/11943397",
        "highway": "residential",
        "name": "New Street"
      },
      "geometry": {
        "type": "LineString",
        "coordinates": [
          [
            -76.3554716,
            40.0978787
          ],
          [
            -76.3547315,
            40.0978231
          ],
          [
            -76.354124,
            40.0977774
          ],
          [
            -76.3536799,
            40.0977261
          ],
          [
            -76.3534843,
            40.0977107
          ],
          [
            -76.3529469,
            40.0976974
          ],
          [
            -76.352259,
            40.0979054
          ],
          [
            -76.351629,
            40.0981104
          ],
          [
            -76.351107,
            40.0982894
          ],
          [
            -76.351024,
            40.0983244
          ],
          [
            -76.350956,
            40.0983604
          ],
          [
            -76.350706,
            40.0985274
          ],
          [
            -76.350669,
            40.0985444
          ],
          [
            -76.350601,
            40.0985734
          ],
          [
            -76.350515,
            40.0985944
          ],
          [
            -76.350142,
            40.0986434
          ],
          [
            -76.349948,
            40.0986634
          ],
          [
            -76.349841,
            40.0986694
          ],
          [
            -76.3488883,
            40.0987026
          ],
          [
            -76.3486434,
            40.0987342
          ],
          [
            -76.3482399,
            40.0988054
          ],
          [
            -76.3480636,
            40.0988235
          ],
          [
            -76.3471294,
            40.0988343
          ],
          [
            -76.3457861,
            40.0988517
          ],
          [
            -76.3451689,
            40.0988567
          ],
          [
            -76.3448011,
            40.0988657
          ],
          [
            -76.344244,
            40.0989264
          ],
          [
            -76.343772,
            40.0989624
          ],
          [
            -76.342827,
            40.0990294
          ],
          [
            -76.342698,
            40.0990424
          ]
        ]
      },
      "id": "way/11943397"
    },
    {
      "type": "Feature",
      "properties": {
        "@id": "way/11943769",
        "highway": "residential",
        "name": "Meadow Lark Lane",
        "tiger:cfcc": "A41",
        "tiger:county": "Lancaster, PA",
        "tiger:name_base": "Meadow Lark",
        "tiger:name_type": "Ln",
        "tiger:reviewed": "yes",
        "tiger:zip_left": "17520",
        "tiger:zip_right": "17520"
      },
      "geometry": {
        "type": "LineString",
        "coordinates": [
          [
            -76.345304,
            40.10171
          ],
          [
            -76.3452341,
            40.10159
          ],
          [
            -76.3448724,
            40.1010086
          ]
        ]
      },
      "id": "way/11943769"
    },
    {
      "type": "Feature",
      "properties": {
        "@id": "way/11943802",
        "highway": "residential",
        "name": "Debra Avenue",
        "tiger:cfcc": "A41",
        "tiger:county": "Lancaster, PA",
        "tiger:name_base": "Debra",
        "tiger:name_type": "Ave",
        "tiger:reviewed": "yes",
        "tiger:zip_left": "17520",
        "tiger:zip_right": "17520"
      },
      "geometry": {
        "type": "LineString",
        "coordinates": [
          [
            -76.348721,
            40.0978218
          ],
          [
            -76.348495,
            40.0978688
          ],
          [
            -76.348323,
            40.0978938
          ],
          [
            -76.34824,
            40.0979018
          ],
          [
            -76.347371,
            40.0979178
          ],
          [
            -76.347042,
            40.0979168
          ],
          [
            -76.346474,
            40.0979208
          ],
          [
            -76.345891,
            40.0979378
          ],
          [
            -76.345762,
            40.0979358
          ],
          [
            -76.345626,
            40.0979228
          ],
          [
            -76.345392,
            40.0978678
          ]
        ]
      },
      "id": "way/11943802"
    },
    {
      "type": "Feature",
      "properties": {
        "@id": "way/11944615",
        "highway": "residential",
        "name": "Caroline Drive"
      },
      "geometry": {
        "type": "LineString",
        "coordinates": [
          [
            -76.3472165,
            40.1032906
          ],
          [
            -76.3473211,
            40.1032534
          ],
          [
            -76.3474286,
            40.1032374
          ],
          [
            -76.3477248,
            40.1032352
          ],
          [
            -76.348196,
            40.1032343
          ],
          [
            -76.3486881,
            40.1032314
          ],
          [
            -76.34885,
            40.1032338
          ],
          [
            -76.3490487,
            40.103239
          ],
          [
            -76.349152,
            40.1032583
          ],
          [
            -76.349568,
            40.103339
          ],
          [
            -76.350113,
            40.1034529
          ],
          [
            -76.3502023,
            40.1034696
          ],
          [
            -76.3507294,
            40.1035592
          ],
          [
            -76.3508055,
            40.1035651
          ],
          [
            -76.3508754,
            40.1035611
          ],
          [
            -76.3509673,
            40.1035445
          ],
          [
            -76.3509864,
            40.1035383
          ],
          [
            -76.3510735,
            40.1034943
          ]
        ]
      },
      "id": "way/11944615"
    },
    {
      "type": "Feature",
      "properties": {
        "@id": "way/11947553",
        "alt_name": "North Pine Street",
        "highway": "residential",
        "name": "Pine Street",
        "tiger:cfcc": "A41",
        "tiger:county": "Lancaster, PA",
        "tiger:name_base": "Pine",
        "tiger:name_direction_prefix": "N",
        "tiger:name_type": "St",
        "tiger:name_type_1": "St",
        "tiger:reviewed": "yes",
        "tiger:zip_left": "17520",
        "tiger:zip_right": "17520"
      },
      "geometry": {
        "type": "LineString",
        "coordinates": [
          [
            -76.352377,
            40.1001616
          ],
          [
            -76.352379,
            40.1003428
          ],
          [
            -76.3523798,
            40.1004125
          ],
          [
            -76.3523854,
            40.100926
          ]
        ]
      },
      "id": "way/11947553"
    },
    {
      "type": "Feature",
      "properties": {
        "@id": "way/11947695",
        "disused:ref": "PA 741",
        "hgv:conditional": "no @ (width >= 102\" AND (trailer:count = 2 OR trailer:length >= 48'))",
        "highway": "secondary",
        "name": "Lemon Street",
        "source:hgv": "https://www.dot.state.pa.us/public/pubsforms/Publications/TruckersMap.pdf",
        "surface": "asphalt",
        "tiger:cfcc": "A41",
        "tiger:county": "Lancaster, PA",
        "tiger:name_base": "Lemon",
        "tiger:name_direction_prefix": "S",
        "tiger:name_type": "St",
        "tiger:reviewed": "yes",
        "tiger:zip_left": "17520",
        "tiger:zip_right": "17520"
      },
      "geometry": {
        "type": "LineString",
        "coordinates": [
          [
            -76.3555874,
            40.0999936
          ],
          [
            -76.3555427,
            40.099862
          ],
          [
            -76.3554583,
            40.0996031
          ],
          [
            -76.355404,
            40.0994157
          ],
          [
            -76.3553825,
            40.099319
          ],
          [
            -76.3553755,
            40.0992395
          ],
          [
            -76.3554311,
            40.0984877
          ],
          [
            -76.3554591,
            40.0980671
          ],
          [
            -76.3554716,
            40.0978787
          ],
          [
            -76.3555201,
            40.097221
          ],
          [
            -76.3555679,
            40.0966042
          ],
          [
            -76.3556178,
            40.0956972
          ],
          [
            -76.3556627,
            40.0949529
          ],
          [
            -76.3557585,
            40.0935971
          ]
        ]
      },
      "id": "way/11947695"
    },
    {
      "type": "Feature",
      "properties": {
        "@id": "way/11948939",
        "highway": "residential",
        "name": "Edgemont Drive"
      },
      "geometry": {
        "type": "LineString",
        "coordinates": [
          [
            -76.3556178,
            40.0956972
          ],
          [
            -76.3545552,
            40.0956354
          ],
          [
            -76.3534788,
            40.0955638
          ],
          [
            -76.3529479,
            40.0955341
          ],
          [
            -76.3526248,
            40.0955281
          ],
          [
            -76.3524317,
            40.0955301
          ],
          [
            -76.35214,
            40.0955383
          ],
          [
            -76.3519634,
            40.0955464
          ],
          [
            -76.3517847,
            40.0955772
          ]
        ]
      },
      "id": "way/11948939"
    },
    {
      "type": "Feature",
      "properties": {
        "@id": "way/11950414",
        "highway": "residential",
        "name": "Speckled Drive",
        "tiger:cfcc": "A41",
        "tiger:county": "Lancaster, PA",
        "tiger:name_base": "Speckled",
        "tiger:name_type": "Dr",
        "tiger:reviewed": "yes",
        "tiger:zip_left": "17520",
        "tiger:zip_right": "17520"
      },
      "geometry": {
        "type": "LineString",
        "coordinates": [
          [
            -76.343561,
            40.0932156
          ],
          [
            -76.3433523,
            40.0938025
          ],
          [
            -76.3432963,
            40.0938995
          ],
          [
            -76.3432453,
            40.0939675
          ],
          [
            -76.3431723,
            40.0940235
          ],
          [
            -76.3430133,
            40.0940995
          ],
          [
            -76.3428983,
            40.0941345
          ],
          [
            -76.3425963,
            40.0941975
          ],
          [
            -76.3420473,
            40.0943045
          ],
          [
            -76.3407733,
            40.0945645
          ],
          [
            -76.3406333,
            40.0945785
          ],
          [
            -76.3402683,
            40.0945905
          ],
          [
            -76.339979,
            40.0946206
          ]
        ]
      },
      "id": "way/11950414"
    },
    {
      "type": "Feature",
      "properties": {
        "@id": "way/11952026",
        "highway": "residential",
        "name": "Geneva Drive",
        "tiger:cfcc": "A41",
        "tiger:county": "Lancaster, PA",
        "tiger:name_base": "Geneva",
        "tiger:name_type": "Dr",
        "tiger:reviewed": "yes",
        "tiger:zip_left": "17520",
        "tiger:zip_right": "17520"
      },
      "geometry": {
        "type": "LineString",
        "coordinates": [
          [
            -76.348802,
            40.096313
          ],
          [
            -76.348665,
            40.096504
          ],
          [
            -76.348602,
            40.096623
          ],
          [
            -76.348549,
            40.09677
          ],
          [
            -76.348517,
            40.09693
          ],
          [
            -76.348511,
            40.097048
          ],
          [
            -76.348519,
            40.097167
          ],
          [
            -76.348548,
            40.097323
          ],
          [
            -76.34865,
            40.097581
          ],
          [
            -76.348721,
            40.0978218
          ],
          [
            -76.348772,
            40.097936
          ],
          [
            -76.348808,
            40.098062
          ],
          [
            -76.3488535,
            40.0982056
          ],
          [
            -76.3488779,
            40.098421
          ],
          [
            -76.3488883,
            40.0987026
          ],
          [
            -76.3489259,
            40.0990207
          ],
          [
            -76.348969,
            40.099803
          ],
          [
            -76.349022,
            40.100378
          ],
          [
            -76.349027,
            40.100805
          ],
          [
            -76.349045,
            40.100981
          ],
          [
            -76.349075,
            40.101095
          ],
          [
            -76.349167,
            40.101272
          ],
          [
            -76.3492192,
            40.1013613
          ],
          [
            -76.3492661,
            40.1014014
          ],
          [
            -76.349399,
            40.1014924
          ],
          [
            -76.3496664,
            40.1016658
          ],
          [
            -76.349879,
            40.101811
          ],
          [
            -76.349966,
            40.101896
          ],
          [
            -76.350022,
            40.101962
          ],
          [
            -76.350067,
            40.102033
          ],
          [
            -76.350122,
            40.102153
          ],
          [
            -76.350152,
            40.10225
          ],
          [
            -76.3501657,
            40.1023931
          ],
          [
            -76.3501727,
            40.102537
          ],
          [
            -76.3501804,
            40.1027471
          ],
          [
            -76.350182,
            40.10303
          ],
          [
            -76.350179,
            40.103178
          ],
          [
            -76.350159,
            40.10328
          ],
          [
            -76.350113,
            40.1034529
          ],
          [
            -76.350068,
            40.103553
          ],
          [
            -76.350019,
            40.10365
          ],
          [
            -76.349949,
            40.103759
          ],
          [
            -76.3498353,
            40.1039237
          ]
        ]
      },
      "id": "way/11952026"
    },
    {
      "type": "Feature",
      "properties": {
        "@id": "way/11954637",
        "highway": "residential",
        "name": "Pine Street",
        "tiger:cfcc": "A41",
        "tiger:county": "Lancaster, PA",
        "tiger:name_base": "Pine",
        "tiger:name_type": "St",
        "tiger:reviewed": "yes",
        "tiger:zip_left": "17520",
        "tiger:zip_right": "17520"
      },
      "geometry": {
        "type": "LineString",
        "coordinates": [
          [
            -76.349497,
            40.095698
          ],
          [
            -76.349568,
            40.095708
          ],
          [
            -76.349661,
            40.095713
          ],
          [
            -76.3498099,
            40.0957147
          ],
          [
            -76.3499266,
            40.0957286
          ],
          [
            -76.3499915,
            40.0957421
          ],
          [
            -76.3500559,
            40.0957555
          ],
          [
            -76.3501729,
            40.0957969
          ],
          [
            -76.3502558,
            40.0958349
          ],
          [
            -76.3503177,
            40.0958829
          ],
          [
            -76.350386,
            40.0959525
          ],
          [
            -76.350493,
            40.0960896
          ],
          [
            -76.350794,
            40.0966303
          ],
          [
            -76.351629,
            40.0981104
          ],
          [
            -76.3519538,
            40.0986823
          ],
          [
            -76.352329,
            40.099333
          ],
          [
            -76.3523519,
            40.0994049
          ]
        ]
      },
      "id": "way/11954637"
    },
    {
      "type": "Feature",
      "properties": {
        "@id": "way/11954643",
        "highway": "residential",
        "name": "Pine Street",
        "tiger:cfcc": "A41",
        "tiger:county": "Lancaster, PA",
        "tiger:name_base": "Pine",
        "tiger:name_type": "St",
        "tiger:reviewed": "yes",
        "tiger:zip_left": "17520",
        "tiger:zip_right": "17520"
      },
      "geometry": {
        "type": "LineString",
        "coordinates": [
          [
            -76.3523854,
            40.100926
          ],
          [
            -76.3523972,
            40.1013076
          ],
          [
            -76.3524001,
            40.1014102
          ],
          [
            -76.3524006,
            40.1014262
          ],
          [
            -76.3524184,
            40.1020559
          ],
          [
            -76.3524247,
            40.1025647
          ]
        ]
      },
      "id": "way/11954643"
    },
    {
      "type": "Feature",
      "properties": {
        "@id": "way/11954912",
        "highway": "residential",
        "name": "Northfield Drive"
      },
      "geometry": {
        "type": "LineString",
        "coordinates": [
          [
            -76.347254,
            40.1077739
          ],
          [
            -76.346996,
            40.1079867
          ],
          [
            -76.3468039,
            40.1081566
          ],
          [
            -76.346718,
            40.1082834
          ],
          [
            -76.346677,
            40.1083735
          ],
          [
            -76.3466731,
            40.1085036
          ],
          [
            -76.346782,
            40.1087163
          ],
          [
            -76.346857,
            40.1088157
          ],
          [
            -76.3469999,
            40.108948
          ],
          [
            -76.347205,
            40.1091096
          ],
          [
            -76.3473299,
            40.1092158
          ],
          [
            -76.347467,
            40.1093184
          ],
          [
            -76.347561,
            40.1093675
          ],
          [
            -76.3476809,
            40.1094077
          ],
          [
            -76.3477917,
            40.1094136
          ],
          [
            -76.3478972,
            40.1094132
          ],
          [
            -76.3479768,
            40.1094091
          ],
          [
            -76.348011,
            40.1093965
          ],
          [
            -76.3480595,
            40.1093786
          ],
          [
            -76.3481504,
            40.1093381
          ],
          [
            -76.3482852,
            40.109273
          ],
          [
            -76.3484119,
            40.1092011
          ],
          [
            -76.3485904,
            40.1090964
          ],
          [
            -76.3487619,
            40.1090009
          ],
          [
            -76.3488495,
            40.1089036
          ],
          [
            -76.3488894,
            40.1088072
          ],
          [
            -76.348907,
            40.108697
          ],
          [
            -76.3489181,
            40.1085909
          ]
        ]
      },
      "id": "way/11954912"
    },
    {
      "type": "Feature",
      "properties": {
        "@id": "way/11955331",
        "highway": "residential",
        "name": "Orange Street"
      },
      "geometry": {
        "type": "LineString",
        "coordinates": [
          [
            -76.3565246,
            40.1066413
          ],
          [
            -76.3565758,
            40.1064793
          ],
          [
            -76.3566228,
            40.1062634
          ],
          [
            -76.3566364,
            40.1061247
          ],
          [
            -76.3566229,
            40.1059561
          ],
          [
            -76.3565956,
            40.1057175
          ],
          [
            -76.356571,
            40.1054634
          ],
          [
            -76.3565409,
            40.1053605
          ],
          [
            -76.3565027,
            40.1052946
          ],
          [
            -76.3564459,
            40.1052358
          ],
          [
            -76.356328,
            40.105146
          ],
          [
            -76.3562234,
            40.1050949
          ],
          [
            -76.3561165,
            40.1050683
          ],
          [
            -76.356016,
            40.1050653
          ],
          [
            -76.3559242,
            40.1050715
          ]
        ]
      },
      "id": "way/11955331"
    },
    {
      "type": "Feature",
      "properties": {
        "@id": "way/11955421",
        "hgv:conditional": "no @ (width >= 102\" AND (trailer:count = 2 OR trailer:length >= 48'))",
        "highway": "secondary",
        "name": "Cottage Avenue",
        "ref": "PA 722",
        "source:hgv": "https://www.dot.state.pa.us/public/pubsforms/Publications/TruckersMap.pdf",
        "tiger:cfcc": "A31",
        "tiger:county": "Lancaster, PA",
        "tiger:name_base": "Cottage",
        "tiger:name_base_1": "State Route 722",
        "tiger:name_type": "Ave",
        "tiger:reviewed": "yes",
        "tiger:zip_left": "17520",
        "tiger:zip_right": "17520"
      },
      "geometry": {
        "type": "LineString",
        "coordinates": [
          [
            -76.342975,
            40.102559
          ],
          [
            -76.3429337,
            40.1025748
          ],
          [
            -76.342826,
            40.102616
          ],
          [
            -76.342692,
            40.102697
          ],
          [
            -76.34263,
            40.102744
          ],
          [
            -76.342572,
            40.102803
          ],
          [
            -76.34254,
            40.1028462
          ],
          [
            -76.342498,
            40.102903
          ],
          [
            -76.342465,
            40.102967
          ],
          [
            -76.342402,
            40.103207
          ],
          [
            -76.3423246,
            40.1036206
          ],
          [
            -76.3422846,
            40.1038341
          ],
          [
            -76.342168,
            40.104674
          ],
          [
            -76.342156,
            40.104721
          ],
          [
            -76.3421244,
            40.1048172
          ],
          [
            -76.3418805,
            40.1050626
          ]
        ]
      },
      "id": "way/11955421"
    },
    {
      "type": "Feature",
      "properties": {
        "@id": "way/11955498",
        "highway": "residential",
        "name": "Golden Drive",
        "tiger:cfcc": "A41",
        "tiger:county": "Lancaster, PA",
        "tiger:name_base": "Golden",
        "tiger:name_type": "Dr",
        "tiger:reviewed": "yes",
        "tiger:zip_left": "17520",
        "tiger:zip_right": "17520"
      },
      "geometry": {
        "type": "LineString",
        "coordinates": [
          [
            -76.3444997,
            40.0933011
          ],
          [
            -76.3442707,
            40.0933051
          ],
          [
            -76.3441067,
            40.0932901
          ],
          [
            -76.3439537,
            40.0932661
          ],
          [
            -76.343561,
            40.0932156
          ],
          [
            -76.3434477,
            40.0931651
          ],
          [
            -76.3432557,
            40.0931391
          ],
          [
            -76.3431377,
            40.0931341
          ],
          [
            -76.3429617,
            40.0931421
          ],
          [
            -76.3427507,
            40.0931721
          ],
          [
            -76.3425677,
            40.0932081
          ],
          [
            -76.3419387,
            40.0933441
          ],
          [
            -76.341695,
            40.0933966
          ],
          [
            -76.3414617,
            40.0934321
          ],
          [
            -76.3413507,
            40.0934561
          ],
          [
            -76.3406147,
            40.0936091
          ],
          [
            -76.3404777,
            40.0936531
          ],
          [
            -76.3403987,
            40.0936871
          ],
          [
            -76.3403257,
            40.0937291
          ],
          [
            -76.3402537,
            40.0937781
          ],
          [
            -76.3401697,
            40.0938501
          ],
          [
            -76.3400857,
            40.0939431
          ],
          [
            -76.3400557,
            40.0939891
          ],
          [
            -76.3400067,
            40.0941091
          ],
          [
            -76.3399917,
            40.0941771
          ],
          [
            -76.3399847,
            40.0943151
          ],
          [
            -76.339979,
            40.0946206
          ],
          [
            -76.3400037,
            40.0949681
          ],
          [
            -76.3400267,
            40.0952431
          ],
          [
            -76.3400457,
            40.0953501
          ],
          [
            -76.3401081,
            40.0955624
          ]
        ]
      },
      "id": "way/11955498"
    },
    {
      "type": "Feature",
      "properties": {
        "@id": "way/11955808",
        "highway": "residential",
        "name": "Hampton Court"
      },
      "geometry": {
        "type": "LineString",
        "coordinates": [
          [
            -76.3484836,
            40.101663
          ],
          [
            -76.3489088,
            40.102326
          ]
        ]
      },
      "id": "way/11955808"
    },
    {
      "type": "Feature",
      "properties": {
        "@id": "way/11956165",
        "highway": "residential",
        "name": "Elm Street"
      },
      "geometry": {
        "type": "LineString",
        "coordinates": [
          [
            -76.3529538,
            40.096431
          ],
          [
            -76.3529638,
            40.096461
          ],
          [
            -76.3529948,
            40.096525
          ],
          [
            -76.3533198,
            40.0970688
          ],
          [
            -76.3536799,
            40.0977261
          ],
          [
            -76.3537217,
            40.09782
          ],
          [
            -76.3537762,
            40.097931
          ],
          [
            -76.3539868,
            40.098318
          ],
          [
            -76.3540102,
            40.0984004
          ]
        ]
      },
      "id": "way/11956165"
    },
    {
      "type": "Feature",
      "properties": {
        "@id": "way/11957486",
        "highway": "residential",
        "name": "Jackson Drive",
        "surface": "asphalt",
        "tiger:cfcc": "A41",
        "tiger:county": "Lancaster, PA",
        "tiger:name_base": "Jackson",
        "tiger:name_type": "Dr",
        "tiger:reviewed": "yes"
      },
      "geometry": {
        "type": "LineString",
        "coordinates": [
          [
            -76.362081,
            40.1032606
          ],
          [
            -76.3620582,
            40.1039649
          ],
          [
            -76.362062,
            40.104117
          ],
          [
            -76.3620787,
            40.104249
          ],
          [
            -76.3621102,
            40.1043711
          ],
          [
            -76.362186,
            40.1046741
          ],
          [
            -76.362386,
            40.105417
          ],
          [
            -76.3625357,
            40.1060091
          ],
          [
            -76.362579,
            40.1061924
          ],
          [
            -76.362589,
            40.1062909
          ],
          [
            -76.3625901,
            40.1064303
          ],
          [
            -76.36257,
            40.1065948
          ]
        ]
      },
      "id": "way/11957486"
    },
    {
      "type": "Feature",
      "properties": {
        "@id": "way/11958352",
        "highway": "residential",
        "name": "Clarkson Drive",
        "tiger:cfcc": "A41",
        "tiger:county": "Lancaster, PA",
        "tiger:name_base": "Clarkson",
        "tiger:name_type": "Dr",
        "tiger:reviewed": "yes",
        "tiger:zip_left": "17520",
        "tiger:zip_right": "17520"
      },
      "geometry": {
        "type": "LineString",
        "coordinates": [
          [
            -76.3464666,
            40.0940547
          ],
          [
            -76.3465416,
            40.0941946
          ],
          [
            -76.3465847,
            40.094318
          ],
          [
            -76.3465704,
            40.0944528
          ],
          [
            -76.346521,
            40.09459
          ],
          [
            -76.34629,
            40.095274
          ],
          [
            -76.345392,
            40.0978678
          ],
          [
            -76.345289,
            40.09815
          ],
          [
            -76.345235,
            40.098301
          ],
          [
            -76.345202,
            40.098391
          ],
          [
            -76.345171,
            40.098487
          ],
          [
            -76.345158,
            40.098618
          ],
          [
            -76.3451689,
            40.0988567
          ]
        ]
      },
      "id": "way/11958352"
    },
    {
      "type": "Feature",
      "properties": {
        "@id": "way/11959389",
        "highway": "residential",
        "name": "Larch Avenue"
      },
      "geometry": {
        "type": "LineString",
        "coordinates": [
          [
            -76.3556627,
            40.0949529
          ],
          [
            -76.3525455,
            40.0945806
          ],
          [
            -76.351282,
            40.094419
          ],
          [
            -76.351136,
            40.094414
          ]
        ]
      },
      "id": "way/11959389"
    },
    {
      "type": "Feature",
      "properties": {
        "@id": "way/11960233",
        "highway": "residential",
        "name": "Cherry Street"
      },
      "geometry": {
        "type": "LineString",
        "coordinates": [
          [
            -76.3554728,
            40.1064771
          ],
          [
            -76.3555357,
            40.1063219
          ],
          [
            -76.3555715,
            40.106186
          ],
          [
            -76.3555796,
            40.1060694
          ],
          [
            -76.3555698,
            40.1059658
          ],
          [
            -76.3555369,
            40.1057967
          ],
          [
            -76.3555127,
            40.1056289
          ],
          [
            -76.355494,
            40.1055356
          ],
          [
            -76.3555,
            40.1054558
          ],
          [
            -76.3554979,
            40.1054089
          ],
          [
            -76.3555178,
            40.1053584
          ],
          [
            -76.3555428,
            40.1052994
          ],
          [
            -76.3555861,
            40.1052374
          ],
          [
            -76.3556405,
            40.1051867
          ],
          [
            -76.3557269,
            40.1051288
          ],
          [
            -76.3557977,
            40.1051005
          ],
          [
            -76.3559242,
            40.1050715
          ]
        ]
      },
      "id": "way/11960233"
    },
    {
      "type": "Feature",
      "properties": {
        "@id": "way/11960883",
        "highway": "residential",
        "name": "Parkside Court"
      },
      "geometry": {
        "type": "LineString",
        "coordinates": [
          [
            -76.3496664,
            40.1016658
          ],
          [
            -76.3500723,
            40.1013144
          ]
        ]
      },
      "id": "way/11960883"
    },
    {
      "type": "Feature",
      "properties": {
        "@id": "way/11961065",
        "highway": "residential",
        "name": "Madison Court"
      },
      "geometry": {
        "type": "LineString",
        "coordinates": [
          [
            -76.3480049,
            40.1081816
          ],
          [
            -76.347902,
            40.1082918
          ]
        ]
      },
      "id": "way/11961065"
    },
    {
      "type": "Feature",
      "properties": {
        "@id": "way/11961767",
        "highway": "residential",
        "name": "Jefferson Drive",
        "surface": "asphalt",
        "tiger:cfcc": "A41",
        "tiger:county": "Lancaster, PA",
        "tiger:name_base": "Jefferson",
        "tiger:name_type": "Dr",
        "tiger:reviewed": "yes",
        "tiger:zip_left": "17520",
        "tiger:zip_right": "17520"
      },
      "geometry": {
        "type": "LineString",
        "coordinates": [
          [
            -76.3620787,
            40.104249
          ],
          [
            -76.3618829,
            40.1043314
          ],
          [
            -76.3617371,
            40.1043845
          ],
          [
            -76.3615951,
            40.104419
          ],
          [
            -76.3611864,
            40.1044865
          ],
          [
            -76.3609658,
            40.1045167
          ],
          [
            -76.360695,
            40.1045431
          ],
          [
            -76.360363,
            40.1045439
          ],
          [
            -76.3599136,
            40.1045386
          ],
          [
            -76.3594081,
            40.1045317
          ],
          [
            -76.3592411,
            40.1045405
          ],
          [
            -76.358701,
            40.104632
          ]
        ]
      },
      "id": "way/11961767"
    },
    {
      "type": "Feature",
      "properties": {
        "@id": "way/11962544",
        "highway": "residential",
        "name": "Valley Road"
      },
      "geometry": {
        "type": "LineString",
        "coordinates": [
          [
            -76.3422846,
            40.1038341
          ],
          [
            -76.3425277,
            40.1038217
          ],
          [
            -76.342864,
            40.1038138
          ],
          [
            -76.3434206,
            40.1038007
          ],
          [
            -76.343542,
            40.1037955
          ],
          [
            -76.3436828,
            40.1037926
          ],
          [
            -76.3438606,
            40.1037907
          ],
          [
            -76.3441996,
            40.1038247
          ],
          [
            -76.3457756,
            40.1040337
          ],
          [
            -76.3459989,
            40.1040549
          ],
          [
            -76.3461474,
            40.1040787
          ],
          [
            -76.3463602,
            40.1041026
          ],
          [
            -76.3465345,
            40.1041213
          ],
          [
            -76.3467793,
            40.1041508
          ],
          [
            -76.3470324,
            40.104177
          ],
          [
            -76.3473356,
            40.1041989
          ],
          [
            -76.3475886,
            40.1041837
          ],
          [
            -76.3478646,
            40.1041807
          ],
          [
            -76.3480426,
            40.1041927
          ],
          [
            -76.3481496,
            40.1042107
          ],
          [
            -76.3483096,
            40.1042507
          ],
          [
            -76.3484306,
            40.1042977
          ],
          [
            -76.3485575,
            40.1043605
          ],
          [
            -76.3489674,
            40.1046258
          ],
          [
            -76.3490991,
            40.1047036
          ],
          [
            -76.3492464,
            40.1047835
          ],
          [
            -76.3493675,
            40.1048325
          ],
          [
            -76.3494808,
            40.1048577
          ],
          [
            -76.349627,
            40.1048679
          ],
          [
            -76.3499109,
            40.1048977
          ]
        ]
      },
      "id": "way/11962544"
    },
    {
      "type": "Feature",
      "properties": {
        "@id": "way/11963319",
        "highway": "residential",
        "name": "Martin Drive",
        "tiger:cfcc": "A41",
        "tiger:county": "Lancaster, PA",
        "tiger:name_base": "Martin",
        "tiger:name_type": "Dr",
        "tiger:reviewed": "yes",
        "tiger:zip_left": "17520",
        "tiger:zip_right": "17520"
      },
      "geometry": {
        "type": "LineString",
        "coordinates": [
          [
            -76.34595,
            40.088131
          ],
          [
            -76.345746,
            40.088134
          ],
          [
            -76.345617,
            40.088155
          ],
          [
            -76.34552,
            40.088178
          ],
          [
            -76.345358,
            40.08823
          ],
          [
            -76.345283,
            40.088261
          ],
          [
            -76.345247,
            40.088282
          ],
          [
            -76.3451939,
            40.0883202
          ],
          [
            -76.34509,
            40.088395
          ],
          [
            -76.344001,
            40.0894
          ],
          [
            -76.343454,
            40.089901
          ],
          [
            -76.342893,
            40.090423
          ],
          [
            -76.341756,
            40.091458
          ],
          [
            -76.341621,
            40.091589
          ],
          [
            -76.341497,
            40.091726
          ],
          [
            -76.341434,
            40.091803
          ],
          [
            -76.341316,
            40.091993
          ],
          [
            -76.341245,
            40.092146
          ],
          [
            -76.341192,
            40.092312
          ],
          [
            -76.341179,
            40.09239
          ],
          [
            -76.341168,
            40.092584
          ],
          [
            -76.3411684,
            40.0926302
          ],
          [
            -76.341169,
            40.092696
          ],
          [
            -76.341181,
            40.092813
          ],
          [
            -76.3412,
            40.092934
          ],
          [
            -76.341243,
            40.09308
          ],
          [
            -76.341342,
            40.093345
          ],
          [
            -76.3413507,
            40.0934561
          ]
        ]
      },
      "id": "way/11963319"
    },
    {
      "type": "Feature",
      "properties": {
        "@id": "way/11964723",
        "hgv:conditional": "no @ (width >= 102\" AND (trailer:count = 2 OR trailer:length >= 48'))",
        "highway": "primary",
        "name": "State Street",
        "ref": "PA 722",
        "source:hgv": "https://www.dot.state.pa.us/public/pubsforms/Publications/TruckersMap.pdf",
        "surface": "asphalt",
        "tiger:cfcc": "A31",
        "tiger:county": "Lancaster, PA",
        "tiger:name_base": "State",
        "tiger:name_type": "St",
        "tiger:reviewed": "yes",
        "tiger:zip_left": "17520",
        "tiger:zip_right": "17520"
      },
      "geometry": {
        "type": "LineString",
        "coordinates": [
          [
            -76.3612941,
            40.0970639
          ],
          [
            -76.3612232,
            40.0971059
          ],
          [
            -76.3608123,
            40.0973131
          ],
          [
            -76.3605119,
            40.0974537
          ],
          [
            -76.3602693,
            40.0975673
          ],
          [
            -76.3588706,
            40.0982141
          ],
          [
            -76.3587356,
            40.0982763
          ]
        ]
      },
      "id": "way/11964723"
    },
    {
      "type": "Feature",
      "properties": {
        "@id": "way/11966049",
        "highway": "residential",
        "name": "Ridge Avenue",
        "surface": "asphalt",
        "tiger:cfcc": "A41",
        "tiger:county": "Lancaster, PA",
        "tiger:name_base": "Ridge",
        "tiger:name_type": "Ave",
        "tiger:reviewed": "yes",
        "tiger:zip_left": "17520",
        "tiger:zip_right": "17520"
      },
      "geometry": {
        "type": "LineString",
        "coordinates": [
          [
            -76.359943,
            40.1031353
          ],
          [
            -76.3598311,
            40.1031332
          ],
          [
            -76.3582217,
            40.1031099
          ]
        ]
      },
      "id": "way/11966049"
    },
    {
      "type": "Feature",
      "properties": {
        "@id": "way/11966220",
        "highway": "tertiary",
        "name": "Stevens Street",
        "surface": "asphalt",
        "tiger:county": "Lancaster, PA",
        "tiger:name_base": "Stevens",
        "tiger:name_type": "St",
        "tiger:reviewed": "yes",
        "tiger:zip_left": "17520",
        "tiger:zip_right": "17520"
      },
      "geometry": {
        "type": "LineString",
        "coordinates": [
          [
            -76.3869726,
            40.1020055
          ],
          [
            -76.3869173,
            40.1020425
          ],
          [
            -76.3868314,
            40.102077
          ],
          [
            -76.3867542,
            40.1021001
          ],
          [
            -76.3866712,
            40.102113
          ],
          [
            -76.3863731,
            40.1021176
          ],
          [
            -76.3861487,
            40.1021143
          ],
          [
            -76.3860924,
            40.1021135
          ],
          [
            -76.385396,
            40.1021488
          ],
          [
            -76.38529,
            40.1021542
          ],
          [
            -76.3844962,
            40.1021993
          ],
          [
            -76.38397,
            40.102246
          ],
          [
            -76.3832217,
            40.1023022
          ],
          [
            -76.3821286,
            40.1023844
          ],
          [
            -76.3818343,
            40.1024059
          ],
          [
            -76.3811528,
            40.1024556
          ],
          [
            -76.380376,
            40.1025026
          ],
          [
            -76.3800852,
            40.102533
          ],
          [
            -76.379803,
            40.1025504
          ],
          [
            -76.3794057,
            40.1025839
          ],
          [
            -76.3777784,
            40.1027209
          ],
          [
            -76.3777261,
            40.1027244
          ],
          [
            -76.377278,
            40.1027544
          ],
          [
            -76.376762,
            40.1028048
          ],
          [
            -76.3758629,
            40.1028723
          ],
          [
            -76.3756156,
            40.1028904
          ],
          [
            -76.3753042,
            40.1029131
          ],
          [
            -76.3750083,
            40.1029337
          ],
          [
            -76.374739,
            40.1029525
          ],
          [
            -76.3744177,
            40.1029778
          ],
          [
            -76.3743423,
            40.1029838
          ],
          [
            -76.374141,
            40.1029885
          ],
          [
            -76.3740335,
            40.10299
          ],
          [
            -76.3738952,
            40.102992
          ],
          [
            -76.3738214,
            40.1029841
          ],
          [
            -76.3737726,
            40.1029755
          ],
          [
            -76.3737569,
            40.1029728
          ],
          [
            -76.37357,
            40.1029399
          ],
          [
            -76.3731826,
            40.1028583
          ],
          [
            -76.3728056,
            40.1027768
          ],
          [
            -76.3723444,
            40.1026832
          ],
          [
            -76.371978,
            40.1026193
          ],
          [
            -76.3717247,
            40.1025892
          ],
          [
            -76.3716974,
            40.1025859
          ],
          [
            -76.3714514,
            40.1025718
          ],
          [
            -76.3708641,
            40.1025443
          ],
          [
            -76.3703532,
            40.1025203
          ],
          [
            -76.369797,
            40.1024991
          ],
          [
            -76.3688866,
            40.1025098
          ],
          [
            -76.368357,
            40.1024637
          ],
          [
            -76.3681269,
            40.1024599
          ],
          [
            -76.3679669,
            40.1024573
          ],
          [
            -76.3673067,
            40.1024386
          ],
          [
            -76.367238,
            40.1024367
          ],
          [
            -76.3663519,
            40.1024106
          ],
          [
            -76.3656223,
            40.1023982
          ],
          [
            -76.3650559,
            40.1023611
          ],
          [
            -76.3649338,
            40.1023531
          ],
          [
            -76.3644404,
            40.1023439
          ],
          [
            -76.364367,
            40.1023425
          ],
          [
            -76.3635245,
            40.1023198
          ],
          [
            -76.3633933,
            40.1023113
          ],
          [
            -76.3629565,
            40.1022978
          ],
          [
            -76.3623521,
            40.1022907
          ],
          [
            -76.361426,
            40.1022757
          ],
          [
            -76.360847,
            40.1022553
          ],
          [
            -76.3599763,
            40.1022325
          ],
          [
            -76.3584228,
            40.1021905
          ],
          [
            -76.3578765,
            40.1021722
          ],
          [
            -76.3571244,
            40.1021609
          ],
          [
            -76.3563995,
            40.1021739
          ]
        ]
      },
      "id": "way/11966220"
    },
    {
      "type": "Feature",
      "properties": {
        "@id": "way/11966755",
        "highway": "residential",
        "name": "Jeanette Drive",
        "surface": "asphalt",
        "tiger:cfcc": "A41",
        "tiger:county": "Lancaster, PA",
        "tiger:name_base": "Jeanette",
        "tiger:name_type": "Dr",
        "tiger:reviewed": "yes",
        "tiger:zip_left": "17520",
        "tiger:zip_right": "17520"
      },
      "geometry": {
        "type": "LineString",
        "coordinates": [
          [
            -76.3610384,
            40.102846
          ],
          [
            -76.3609976,
            40.1037453
          ],
          [
            -76.3609658,
            40.1045167
          ],
          [
            -76.3609663,
            40.1047802
          ],
          [
            -76.3609819,
            40.1049016
          ],
          [
            -76.3610213,
            40.1050405
          ],
          [
            -76.3611375,
            40.1054158
          ],
          [
            -76.3614241,
            40.1063112
          ],
          [
            -76.3614872,
            40.1063796
          ],
          [
            -76.3615915,
            40.1064504
          ],
          [
            -76.3617112,
            40.1064977
          ],
          [
            -76.3618459,
            40.106523
          ],
          [
            -76.36257,
            40.1065948
          ],
          [
            -76.363555,
            40.1066897
          ],
          [
            -76.3636651,
            40.1067004
          ]
        ]
      },
      "id": "way/11966755"
    },
    {
      "type": "Feature",
      "properties": {
        "@id": "way/11966976",
        "highway": "residential",
        "name": "Vaughn Road",
        "tiger:cfcc": "A41",
        "tiger:county": "Lancaster, PA",
        "tiger:name_base": "Vaughn",
        "tiger:name_type": "Rd",
        "tiger:reviewed": "yes",
        "tiger:zip_left": "17520",
        "tiger:zip_right": "17520"
      },
      "geometry": {
        "type": "LineString",
        "coordinates": [
          [
            -76.346521,
            40.09459
          ],
          [
            -76.3467293,
            40.0946446
          ],
          [
            -76.3469323,
            40.0946692
          ],
          [
            -76.3471112,
            40.0946664
          ],
          [
            -76.3472883,
            40.0946538
          ],
          [
            -76.3474332,
            40.0946354
          ],
          [
            -76.3475621,
            40.0946426
          ],
          [
            -76.34768,
            40.0946732
          ],
          [
            -76.3477831,
            40.0947046
          ],
          [
            -76.347876,
            40.094737
          ],
          [
            -76.347947,
            40.094786
          ],
          [
            -76.348034,
            40.094858
          ],
          [
            -76.348115,
            40.094958
          ],
          [
            -76.348146,
            40.09502
          ],
          [
            -76.348162,
            40.095066
          ],
          [
            -76.348178,
            40.095168
          ],
          [
            -76.348173,
            40.095236
          ],
          [
            -76.34815,
            40.095336
          ],
          [
            -76.34813,
            40.0953818
          ],
          [
            -76.348112,
            40.095423
          ],
          [
            -76.348076,
            40.095466
          ],
          [
            -76.347684,
            40.0958401
          ],
          [
            -76.347641,
            40.095919
          ],
          [
            -76.347503,
            40.0961284
          ],
          [
            -76.347344,
            40.0964036
          ],
          [
            -76.347278,
            40.09653
          ],
          [
            -76.347221,
            40.096676
          ],
          [
            -76.347156,
            40.096871
          ],
          [
            -76.347094,
            40.097112
          ],
          [
            -76.347053,
            40.097366
          ],
          [
            -76.347038,
            40.0976
          ],
          [
            -76.347042,
            40.0979168
          ]
        ]
      },
      "id": "way/11966976"
    },
    {
      "type": "Feature",
      "properties": {
        "@id": "way/11967896",
        "highway": "residential",
        "name": "Lawnwood Court"
      },
      "geometry": {
        "type": "LineString",
        "coordinates": [
          [
            -76.3460206,
            40.1058919
          ],
          [
            -76.3465301,
            40.1059573
          ],
          [
            -76.3469815,
            40.1060202
          ],
          [
            -76.3473632,
            40.1060668
          ]
        ]
      },
      "id": "way/11967896"
    },
    {
      "type": "Feature",
      "properties": {
        "@id": "way/11968290",
        "highway": "residential",
        "name": "Sundra Circle",
        "surface": "asphalt",
        "tiger:cfcc": "A41",
        "tiger:county": "Lancaster, PA",
        "tiger:name_base": "Sundra",
        "tiger:name_type": "Cir",
        "tiger:reviewed": "yes",
        "tiger:zip_left": "17520",
        "tiger:zip_right": "17520"
      },
      "geometry": {
        "type": "LineString",
        "coordinates": [
          [
            -76.362086,
            40.1014128
          ],
          [
            -76.362242,
            40.1017179
          ],
          [
            -76.362299,
            40.1018941
          ],
          [
            -76.362358,
            40.102056
          ],
          [
            -76.362364,
            40.102135
          ],
          [
            -76.3623724,
            40.102211
          ],
          [
            -76.3623521,
            40.1022907
          ]
        ]
      },
      "id": "way/11968290"
    },
    {
      "type": "Feature",
      "properties": {
        "@id": "way/11968293",
        "highway": "residential",
        "name": "Sundra Circle",
        "surface": "asphalt",
        "tiger:cfcc": "A41",
        "tiger:county": "Lancaster, PA",
        "tiger:name_base": "Sundra",
        "tiger:name_type": "Cir",
        "tiger:reviewed": "yes",
        "tiger:zip_left": "17520",
        "tiger:zip_right": "17520"
      },
      "geometry": {
        "type": "LineString",
        "coordinates": [
          [
            -76.362059,
            40.1013595
          ],
          [
            -76.362086,
            40.1014128
          ],
          [
            -76.361554,
            40.1014335
          ],
          [
            -76.361146,
            40.1014385
          ],
          [
            -76.360545,
            40.1014555
          ],
          [
            -76.360381,
            40.1014275
          ],
          [
            -76.360317,
            40.1014025
          ],
          [
            -76.360233,
            40.1013495
          ],
          [
            -76.360173,
            40.1012965
          ],
          [
            -76.360124,
            40.1012455
          ],
          [
            -76.360076,
            40.1011625
          ],
          [
            -76.360064,
            40.1011235
          ],
          [
            -76.360056,
            40.1010565
          ],
          [
            -76.360057,
            40.1010125
          ],
          [
            -76.360073,
            40.1009405
          ],
          [
            -76.360107,
            40.1008715
          ],
          [
            -76.360129,
            40.1008385
          ],
          [
            -76.360176,
            40.1007915
          ],
          [
            -76.360238,
            40.1007425
          ],
          [
            -76.360321,
            40.1006935
          ],
          [
            -76.360364,
            40.1006745
          ],
          [
            -76.360458,
            40.1006535
          ],
          [
            -76.360601,
            40.1006345
          ],
          [
            -76.361009,
            40.1006215
          ],
          [
            -76.361406,
            40.1006185
          ],
          [
            -76.361542,
            40.1006315
          ],
          [
            -76.361591,
            40.1006425
          ],
          [
            -76.361634,
            40.1006575
          ],
          [
            -76.361726,
            40.1007065
          ],
          [
            -76.36181,
            40.1007755
          ],
          [
            -76.361856,
            40.1008295
          ],
          [
            -76.361894,
            40.1008975
          ],
          [
            -76.362059,
            40.1013595
          ]
        ]
      },
      "id": "way/11968293"
    },
    {
      "type": "Feature",
      "properties": {
        "@id": "way/11969121",
        "highway": "residential",
        "name": "Hershey Avenue",
        "tiger:cfcc": "A41",
        "tiger:county": "Lancaster, PA",
        "tiger:name_base": "Hershey",
        "tiger:name_type": "Ave",
        "tiger:reviewed": "yes",
        "tiger:zip_left": "17520",
        "tiger:zip_right": "17520"
      },
      "geometry": {
        "type": "LineString",
        "coordinates": [
          [
            -76.352383,
            40.0967029
          ],
          [
            -76.352119,
            40.0966923
          ],
          [
            -76.3515899,
            40.0966612
          ],
          [
            -76.350794,
            40.0966303
          ],
          [
            -76.34985,
            40.0965919
          ],
          [
            -76.349673,
            40.0965836
          ],
          [
            -76.349506,
            40.0965481
          ],
          [
            -76.349286,
            40.0964936
          ],
          [
            -76.349101,
            40.0964386
          ],
          [
            -76.348972,
            40.09638
          ],
          [
            -76.348802,
            40.096313
          ],
          [
            -76.34855,
            40.096212
          ],
          [
            -76.347684,
            40.0958401
          ],
          [
            -76.34629,
            40.095274
          ],
          [
            -76.3457619,
            40.0950506
          ]
        ]
      },
      "id": "way/11969121"
    },
    {
      "type": "Feature",
      "properties": {
        "@id": "way/11969954",
        "highway": "residential",
        "name": "Leebel Road",
        "tiger:cfcc": "A41",
        "tiger:county": "Lancaster, PA",
        "tiger:name_base": "Leebel",
        "tiger:name_type": "Rd",
        "tiger:reviewed": "yes",
        "tiger:zip_left": "17520",
        "tiger:zip_right": "17520"
      },
      "geometry": {
        "type": "LineString",
        "coordinates": [
          [
            -76.349673,
            40.0965836
          ],
          [
            -76.349673,
            40.096683
          ],
          [
            -76.349697,
            40.097113
          ],
          [
            -76.349796,
            40.098348
          ],
          [
            -76.349841,
            40.0986694
          ],
          [
            -76.349873,
            40.098966
          ],
          [
            -76.349915,
            40.099178
          ],
          [
            -76.349955,
            40.099334
          ],
          [
            -76.350056,
            40.099616
          ],
          [
            -76.35014,
            40.099874
          ],
          [
            -76.350163,
            40.099998
          ],
          [
            -76.350194,
            40.1003159
          ]
        ]
      },
      "id": "way/11969954"
    },
    {
      "type": "Feature",
      "properties": {
        "@id": "way/11969975",
        "highway": "residential",
        "name": "Rainbow Drive",
        "tiger:cfcc": "A41",
        "tiger:county": "Lancaster, PA",
        "tiger:name_base": "Rainbow",
        "tiger:name_type": "Dr",
        "tiger:reviewed": "yes",
        "tiger:zip_left": "17520",
        "tiger:zip_right": "17520"
      },
      "geometry": {
        "type": "LineString",
        "coordinates": [
          [
            -76.3448539,
            40.091387
          ],
          [
            -76.3452166,
            40.0913782
          ],
          [
            -76.3454362,
            40.0913729
          ],
          [
            -76.3456147,
            40.0913726
          ],
          [
            -76.3457803,
            40.0913967
          ],
          [
            -76.3457893,
            40.091398
          ],
          [
            -76.3458816,
            40.0914187
          ],
          [
            -76.3459653,
            40.0914458
          ],
          [
            -76.3460924,
            40.0914947
          ],
          [
            -76.3461755,
            40.0915311
          ],
          [
            -76.3462622,
            40.0915739
          ],
          [
            -76.3463257,
            40.0916218
          ],
          [
            -76.3464064,
            40.0916969
          ],
          [
            -76.346472,
            40.091761
          ],
          [
            -76.346531,
            40.091854
          ],
          [
            -76.346586,
            40.091966
          ],
          [
            -76.34665,
            40.09214
          ],
          [
            -76.346727,
            40.0923528
          ],
          [
            -76.3467812,
            40.0925146
          ],
          [
            -76.3467984,
            40.0926275
          ],
          [
            -76.346799,
            40.092706
          ],
          [
            -76.346777,
            40.092758
          ],
          [
            -76.346758,
            40.092789
          ],
          [
            -76.346692,
            40.092875
          ],
          [
            -76.346656,
            40.092912
          ],
          [
            -76.346631,
            40.092937
          ],
          [
            -76.3465713,
            40.0929731
          ],
          [
            -76.3465,
            40.0930069
          ],
          [
            -76.3462754,
            40.0930797
          ],
          [
            -76.3458055,
            40.093213
          ],
          [
            -76.3456333,
            40.0932526
          ],
          [
            -76.3455264,
            40.0932733
          ],
          [
            -76.3452243,
            40.0932836
          ],
          [
            -76.3446598,
            40.0932973
          ],
          [
            -76.3444997,
            40.0933011
          ]
        ]
      },
      "id": "way/11969975"
    },
    {
      "type": "Feature",
      "properties": {
        "@id": "way/11970181",
        "highway": "residential",
        "name": "Center Street"
      },
      "geometry": {
        "type": "LineString",
        "coordinates": [
          [
            -76.3538857,
            40.0994056
          ],
          [
            -76.3530457,
            40.0994014
          ],
          [
            -76.3528673,
            40.0994023
          ],
          [
            -76.3523519,
            40.0994049
          ]
        ]
      },
      "id": "way/11970181"
    },
    {
      "type": "Feature",
      "properties": {
        "@id": "way/56115266",
        "hgv:conditional": "no @ (width >= 102\" AND (trailer:count = 2 OR trailer:length >= 48'))",
        "highway": "secondary",
        "lanes": "2",
        "name": "Graystone Road",
        "ref": "PA 722",
        "source:hgv": "https://www.dot.state.pa.us/public/pubsforms/Publications/TruckersMap.pdf",
        "surface": "asphalt",
        "tiger:cfcc": "A41",
        "tiger:county": "Lancaster, PA",
        "tiger:name_base": "Graystone",
        "tiger:name_type": "Rd",
        "tiger:reviewed": "yes"
      },
      "geometry": {
        "type": "LineString",
        "coordinates": [
          [
            -76.3418805,
            40.1050626
          ],
          [
            -76.3417507,
            40.1051285
          ],
          [
            -76.3411373,
            40.1054907
          ],
          [
            -76.3408937,
            40.1056345
          ],
          [
            -76.3406762,
            40.1057629
          ],
          [
            -76.3405536,
            40.1058353
          ],
          [
            -76.340123,
            40.1060895
          ],
          [
            -76.3400351,
            40.1061386
          ],
          [
            -76.3397914,
            40.1062773
          ],
          [
            -76.339714,
            40.1063214
          ],
          [
            -76.3394442,
            40.1064719
          ],
          [
            -76.339366,
            40.1065071
          ],
          [
            -76.3385196,
            40.1068885
          ],
          [
            -76.3384571,
            40.1069125
          ],
          [
            -76.3382714,
            40.1069839
          ],
          [
            -76.3380423,
            40.1070817
          ],
          [
            -76.3378492,
            40.1071407
          ],
          [
            -76.3377058,
            40.1071639
          ],
          [
            -76.3376258,
            40.1071752
          ]
        ]
      },
      "id": "way/56115266"
    },
    {
      "type": "Feature",
      "properties": {
        "@id": "way/56115391",
        "highway": "tertiary",
        "name": "Lemon Street",
        "surface": "asphalt",
        "tiger:cfcc": "A41",
        "tiger:county": "Lancaster, PA",
        "tiger:name_base": "Lemon",
        "tiger:name_type": "St",
        "tiger:reviewed": "yes",
        "tiger:zip_left": "17520",
        "tiger:zip_right": "17520"
      },
      "geometry": {
        "type": "LineString",
        "coordinates": [
          [
            -76.3555874,
            40.0999936
          ],
          [
            -76.3557651,
            40.1004865
          ],
          [
            -76.3558905,
            40.1008151
          ],
          [
            -76.3561556,
            40.1015877
          ],
          [
            -76.3562724,
            40.1018792
          ],
          [
            -76.3563995,
            40.1021739
          ],
          [
            -76.3565329,
            40.1025364
          ],
          [
            -76.3566419,
            40.1028229
          ],
          [
            -76.3567985,
            40.1031965
          ],
          [
            -76.3568566,
            40.1033415
          ],
          [
            -76.3570198,
            40.1037369
          ],
          [
            -76.357156,
            40.1040671
          ],
          [
            -76.3574899,
            40.1048468
          ],
          [
            -76.3577613,
            40.1055274
          ],
          [
            -76.3579371,
            40.1060234
          ],
          [
            -76.3580772,
            40.106421
          ],
          [
            -76.3581376,
            40.1066492
          ]
        ]
      },
      "id": "way/56115391"
    },
    {
      "type": "Feature",
      "properties": {
        "@id": "way/77306368",
        "highway": "residential",
        "name": "Lincoln Court"
      },
      "geometry": {
        "type": "LineString",
        "coordinates": [
          [
            -76.3520546,
            40.1047482
          ],
          [
            -76.3520819,
            40.10482
          ],
          [
            -76.3521449,
            40.1048726
          ],
          [
            -76.3522054,
            40.1048896
          ],
          [
            -76.3522707,
            40.1048661
          ],
          [
            -76.352286,
            40.1047932
          ],
          [
            -76.3522533,
            40.1047334
          ],
          [
            -76.3521579,
            40.1047224
          ],
          [
            -76.3520546,
            40.1047482
          ]
        ]
      },
      "id": "way/77306368"
    },
    {
      "type": "Feature",
      "properties": {
        "@id": "way/77306373",
        "highway": "residential",
        "name": "Franklin Drive"
      },
      "geometry": {
        "type": "LineString",
        "coordinates": [
          [
            -76.3519451,
            40.1070598
          ],
          [
            -76.3518086,
            40.1070774
          ],
          [
            -76.3516923,
            40.1071055
          ],
          [
            -76.351591,
            40.1071543
          ],
          [
            -76.3515724,
            40.1072414
          ],
          [
            -76.3515716,
            40.1072856
          ],
          [
            -76.3515738,
            40.1073404
          ],
          [
            -76.3516251,
            40.1074132
          ],
          [
            -76.3517054,
            40.1074516
          ],
          [
            -76.3518224,
            40.1074554
          ],
          [
            -76.3519634,
            40.1074614
          ],
          [
            -76.3520788,
            40.1074599
          ],
          [
            -76.3521996,
            40.1074502
          ],
          [
            -76.3522666,
            40.1074143
          ],
          [
            -76.3523059,
            40.1073594
          ],
          [
            -76.3523237,
            40.1072982
          ],
          [
            -76.3523232,
            40.107222
          ],
          [
            -76.352301,
            40.107169
          ],
          [
            -76.352265,
            40.1071249
          ],
          [
            -76.3521898,
            40.1070872
          ],
          [
            -76.3521101,
            40.1070671
          ],
          [
            -76.3520188,
            40.1070643
          ],
          [
            -76.3519451,
            40.1070598
          ]
        ]
      },
      "id": "way/77306373"
    },
    {
      "type": "Feature",
      "properties": {
        "@id": "way/78290351",
        "highway": "residential",
        "name": "Wolfe Road",
        "surface": "asphalt"
      },
      "geometry": {
        "type": "LineString",
        "coordinates": [
          [
            -76.3623521,
            40.1022907
          ],
          [
            -76.3623463,
            40.1026143
          ],
          [
            -76.3623065,
            40.1027304
          ],
          [
            -76.3621249,
            40.1029944
          ]
        ]
      },
      "id": "way/78290351"
    },
    {
      "type": "Feature",
      "properties": {
        "@id": "way/78290363",
        "highway": "secondary",
        "lanes": "2",
        "name": "Graystone Road",
        "surface": "asphalt"
      },
      "geometry": {
        "type": "LineString",
        "coordinates": [
          [
            -76.3544463,
            40.1063404
          ],
          [
            -76.3542018,
            40.1063055
          ],
          [
            -76.353876,
            40.1062605
          ],
          [
            -76.3535024,
            40.1062154
          ],
          [
            -76.3531698,
            40.1061752
          ],
          [
            -76.3524434,
            40.1060785
          ],
          [
            -76.3517337,
            40.1059919
          ],
          [
            -76.3505289,
            40.1058336
          ],
          [
            -76.3498916,
            40.1057483
          ],
          [
            -76.3498025,
            40.1057392
          ],
          [
            -76.3492157,
            40.1056612
          ],
          [
            -76.3479979,
            40.1054911
          ],
          [
            -76.3472535,
            40.1053915
          ],
          [
            -76.3461263,
            40.1052589
          ],
          [
            -76.3453458,
            40.1051607
          ],
          [
            -76.3447477,
            40.1050768
          ],
          [
            -76.3445875,
            40.105053
          ],
          [
            -76.3443878,
            40.1050276
          ],
          [
            -76.3441965,
            40.1050089
          ],
          [
            -76.3438647,
            40.1049872
          ],
          [
            -76.343547,
            40.1049851
          ],
          [
            -76.3432064,
            40.1049895
          ],
          [
            -76.3426793,
            40.1050048
          ],
          [
            -76.3424611,
            40.1050112
          ],
          [
            -76.3423212,
            40.1050119
          ],
          [
            -76.342177,
            40.1050231
          ],
          [
            -76.3418805,
            40.1050626
          ]
        ]
      },
      "id": "way/78290363"
    },
    {
      "type": "Feature",
      "properties": {
        "@id": "way/81669067",
        "highway": "secondary",
        "name": "Graystone Road",
        "tiger:cfcc": "A41",
        "tiger:county": "Lancaster, PA",
        "tiger:name_base": "Graystone",
        "tiger:name_type": "Rd",
        "tiger:reviewed": "yes"
      },
      "geometry": {
        "type": "LineString",
        "coordinates": [
          [
            -76.3668157,
            40.1084494
          ],
          [
            -76.3661428,
            40.1082534
          ],
          [
            -76.3649167,
            40.1078787
          ],
          [
            -76.3646714,
            40.1078098
          ],
          [
            -76.3644768,
            40.1077577
          ],
          [
            -76.3643184,
            40.1077197
          ],
          [
            -76.3641342,
            40.1076846
          ],
          [
            -76.3639524,
            40.1076563
          ],
          [
            -76.3637588,
            40.1076338
          ],
          [
            -76.3635446,
            40.1076109
          ],
          [
            -76.3617354,
            40.1074311
          ],
          [
            -76.3608581,
            40.1073453
          ],
          [
            -76.3605977,
            40.1073137
          ],
          [
            -76.3602518,
            40.1072646
          ]
        ]
      },
      "id": "way/81669067"
    },
    {
      "type": "Feature",
      "properties": {
        "@id": "way/82623406",
        "highway": "residential",
        "lit": "yes",
        "name": "Carpenter Street",
        "sidewalk": "both",
        "surface": "asphalt",
        "tiger:cfcc": "A41",
        "tiger:county": "Lancaster, PA",
        "tiger:name_base": "Carpenter",
        "tiger:name_type": "St",
        "tiger:reviewed": "yes",
        "tiger:zip_left": "17520",
        "tiger:zip_right": "17520"
      },
      "geometry": {
        "type": "LineString",
        "coordinates": [
          [
            -76.3568415,
            40.0994056
          ],
          [
            -76.35688,
            40.099475
          ],
          [
            -76.3570537,
            40.0999456
          ],
          [
            -76.3571196,
            40.1001356
          ],
          [
            -76.3572641,
            40.1005521
          ],
          [
            -76.357709,
            40.101751
          ],
          [
            -76.3578765,
            40.1021722
          ],
          [
            -76.3582217,
            40.1031099
          ],
          [
            -76.3583623,
            40.1035128
          ],
          [
            -76.3585238,
            40.1040409
          ],
          [
            -76.3586211,
            40.1043612
          ],
          [
            -76.358701,
            40.104632
          ],
          [
            -76.358794,
            40.1049954
          ],
          [
            -76.3592677,
            40.1065141
          ],
          [
            -76.3592952,
            40.1066274
          ],
          [
            -76.3593095,
            40.106717
          ],
          [
            -76.359311,
            40.106814
          ],
          [
            -76.359284,
            40.106933
          ],
          [
            -76.3592577,
            40.107011
          ],
          [
            -76.359232,
            40.1070871
          ]
        ]
      },
      "id": "way/82623406"
    },
    {
      "type": "Feature",
      "properties": {
        "@id": "way/155144847",
        "NHS": "yes",
        "alt_name": "Manheim Pike",
        "highway": "trunk",
        "lanes": "2",
        "maxspeed": "45 mph",
        "name": "Lancaster Road",
        "old_ref:legislative": "138",
        "ref": "PA 72",
        "source:maxspeed": "sign",
        "tiger:cfcc": "A31",
        "tiger:county": "Lancaster, PA",
        "tiger:name_base": "Lancaster",
        "tiger:name_type": "Rd",
        "tiger:reviewed": "yes",
        "tiger:zip_left": "17545",
        "tiger:zip_right": "17545"
      },
      "geometry": {
        "type": "LineString",
        "coordinates": [
          [
            -76.3544814,
            40.1068388
          ],
          [
            -76.3544991,
            40.107033
          ],
          [
            -76.3545116,
            40.1071302
          ],
          [
            -76.354564,
            40.1073924
          ],
          [
            -76.3546106,
            40.1075776
          ],
          [
            -76.3546726,
            40.1077751
          ],
          [
            -76.3548026,
            40.1081462
          ],
          [
            -76.3550023,
            40.1087222
          ],
          [
            -76.3555722,
            40.1102524
          ],
          [
            -76.3560691,
            40.1115592
          ],
          [
            -76.3562064,
            40.1119399
          ]
        ]
      },
      "id": "way/155144847"
    },
    {
      "type": "Feature",
      "properties": {
        "@id": "way/155144872",
        "NHS": "yes",
        "addr:city": "East Petersburg",
        "highway": "trunk",
        "lanes": "2",
        "maxspeed": "25 mph",
        "name": "Main Street",
        "old_ref:legislative": "138",
        "ref": "PA 72",
        "source:maxspeed": "sign",
        "tiger:cfcc": "A31",
        "tiger:county": "Lancaster, PA",
        "tiger:name_base": "Main",
        "tiger:name_type": "St",
        "tiger:reviewed": "yes",
        "tiger:zip_left": "17520",
        "tiger:zip_right": "17520"
      },
      "geometry": {
        "type": "LineString",
        "coordinates": [
          [
            -76.354423,
            40.1060105
          ],
          [
            -76.3544463,
            40.1063404
          ],
          [
            -76.3544814,
            40.1068388
          ]
        ]
      },
      "id": "way/155144872"
    },
    {
      "type": "Feature",
      "properties": {
        "@id": "way/467791046",
        "bridge": "yes",
        "hgv:conditional": "no @ (width >= 102\" AND (trailer:count = 2 OR trailer:length >= 48'))",
        "highway": "secondary",
        "name": "Graystone Road",
        "ref": "PA 722",
        "source:hgv": "https://www.dot.state.pa.us/public/pubsforms/Publications/TruckersMap.pdf",
        "tiger:cfcc": "A41",
        "tiger:county": "Lancaster, PA",
        "tiger:name_base": "Graystone",
        "tiger:name_type": "Rd",
        "tiger:reviewed": "yes"
      },
      "geometry": {
        "type": "LineString",
        "coordinates": [
          [
            -76.3376258,
            40.1071752
          ],
          [
            -76.3375586,
            40.1071879
          ],
          [
            -76.3374966,
            40.1071925
          ],
          [
            -76.3374314,
            40.1072019
          ]
        ]
      },
      "id": "way/467791046"
    },
    {
      "type": "Feature",
      "properties": {
        "@id": "way/568303297",
        "hgv:conditional": "no @ (width >= 102\" AND (trailer:count = 2 OR trailer:length >= 48'))",
        "highway": "secondary",
        "name": "State Street",
        "ref": "PA 722",
        "source:hgv": "https://www.dot.state.pa.us/public/pubsforms/Publications/TruckersMap.pdf",
        "tiger:cfcc": "A31",
        "tiger:county": "Lancaster, PA",
        "tiger:name_base": "State",
        "tiger:name_type": "St",
        "tiger:reviewed": "yes",
        "tiger:zip_left": "17520",
        "tiger:zip_right": "17520"
      },
      "geometry": {
        "type": "LineString",
        "coordinates": [
          [
            -76.3541418,
            40.100022
          ],
          [
            -76.3537236,
            40.1000224
          ],
          [
            -76.3532918,
            40.1000213
          ],
          [
            -76.353117,
            40.1000205
          ],
          [
            -76.3529913,
            40.1000181
          ],
          [
            -76.352904,
            40.100016
          ],
          [
            -76.3528462,
            40.1000166
          ],
          [
            -76.3527773,
            40.1000185
          ],
          [
            -76.3526279,
            40.1000784
          ],
          [
            -76.3525465,
            40.1001019
          ],
          [
            -76.352448,
            40.1001359
          ],
          [
            -76.352377,
            40.1001616
          ],
          [
            -76.3523227,
            40.100186
          ],
          [
            -76.3522747,
            40.1002025
          ],
          [
            -76.352183,
            40.1002367
          ],
          [
            -76.3519901,
            40.1002705
          ],
          [
            -76.3518024,
            40.1002812
          ],
          [
            -76.3515202,
            40.1002892
          ],
          [
            -76.351217,
            40.1002975
          ],
          [
            -76.350998,
            40.1002985
          ],
          [
            -76.350194,
            40.1003159
          ],
          [
            -76.349466,
            40.100322
          ],
          [
            -76.349223,
            40.10034
          ],
          [
            -76.349136,
            40.100352
          ],
          [
            -76.349022,
            40.100378
          ],
          [
            -76.348857,
            40.1004422
          ],
          [
            -76.3484427,
            40.1005896
          ],
          [
            -76.348334,
            40.1006283
          ],
          [
            -76.3478641,
            40.1007873
          ],
          [
            -76.347729,
            40.100833
          ],
          [
            -76.346868,
            40.101141
          ],
          [
            -76.345942,
            40.101481
          ],
          [
            -76.345304,
            40.10171
          ],
          [
            -76.3451178,
            40.1017775
          ],
          [
            -76.3446785,
            40.1019374
          ],
          [
            -76.3442801,
            40.1020816
          ],
          [
            -76.343168,
            40.102484
          ],
          [
            -76.342975,
            40.102559
          ]
        ]
      },
      "id": "way/568303297"
    },
    {
      "type": "Feature",
      "properties": {
        "@id": "way/568303298",
        "NHS": "yes",
        "highway": "trunk",
        "lanes": "2",
        "name": "Main Street",
        "old_ref:legislative": "138",
        "ref": "PA 72",
        "surface": "asphalt",
        "tiger:cfcc": "A31",
        "tiger:county": "Lancaster, PA",
        "tiger:name_base": "Main",
        "tiger:name_type": "St",
        "tiger:reviewed": "yes",
        "tiger:zip_left": "17520",
        "tiger:zip_right": "17520"
      },
      "geometry": {
        "type": "LineString",
        "coordinates": [
          [
            -76.3541418,
            40.100022
          ],
          [
            -76.35416,
            40.100134
          ],
          [
            -76.35417,
            40.10036
          ],
          [
            -76.3541751,
            40.1004864
          ],
          [
            -76.3541775,
            40.1005719
          ],
          [
            -76.3541865,
            40.1008842
          ],
          [
            -76.354221,
            40.1019236
          ],
          [
            -76.3542309,
            40.102572
          ],
          [
            -76.3542578,
            40.1030651
          ],
          [
            -76.354262,
            40.1032119
          ],
          [
            -76.3542727,
            40.1035576
          ],
          [
            -76.3543064,
            40.1040816
          ],
          [
            -76.3543123,
            40.1041784
          ],
          [
            -76.3543236,
            40.1043653
          ],
          [
            -76.3543437,
            40.1046989
          ],
          [
            -76.3543823,
            40.1053379
          ],
          [
            -76.3544003,
            40.1056351
          ],
          [
            -76.3544032,
            40.1056833
          ],
          [
            -76.3544064,
            40.1057366
          ],
          [
            -76.354423,
            40.1060105
          ]
        ]
      },
      "id": "way/568303298"
    },
    {
      "type": "Feature",
      "properties": {
        "@id": "way/879212639",
        "hgv:conditional": "no @ (width >= 102\" AND (trailer:count = 2 OR trailer:length >= 48'))",
        "highway": "primary",
        "lanes": "2",
        "name": "State Street",
        "ref": "PA 722",
        "source:hgv": "https://www.dot.state.pa.us/public/pubsforms/Publications/TruckersMap.pdf",
        "surface": "asphalt",
        "tiger:cfcc": "A31",
        "tiger:county": "Lancaster, PA",
        "tiger:name_base": "State",
        "tiger:name_type": "St",
        "tiger:reviewed": "yes",
        "tiger:zip_left": "17520",
        "tiger:zip_right": "17520"
      },
      "geometry": {
        "type": "LineString",
        "coordinates": [
          [
            -76.3555874,
            40.0999936
          ],
          [
            -76.3554614,
            40.1000291
          ],
          [
            -76.3553626,
            40.1000318
          ],
          [
            -76.3551555,
            40.1000317
          ],
          [
            -76.3550565,
            40.1000313
          ],
          [
            -76.3548236,
            40.1000305
          ],
          [
            -76.3546667,
            40.1000293
          ],
          [
            -76.3544772,
            40.1000287
          ],
          [
            -76.354389,
            40.1000268
          ],
          [
            -76.3541418,
            40.100022
          ]
        ]
      },
      "id": "way/879212639"
    },
    {
      "type": "Feature",
      "properties": {
        "@id": "way/1022617964",
        "highway": "tertiary",
        "name": "Lemon Street",
        "surface": "asphalt",
        "tiger:cfcc": "A41",
        "tiger:county": "Lancaster, PA",
        "tiger:name_base": "Lemon",
        "tiger:name_type": "St",
        "tiger:reviewed": "yes",
        "tiger:zip_left": "17520",
        "tiger:zip_right": "17520"
      },
      "geometry": {
        "type": "LineString",
        "coordinates": [
          [
            -76.3581376,
            40.1066492
          ],
          [
            -76.3581585,
            40.1068019
          ],
          [
            -76.358171,
            40.1068931
          ]
        ]
      },
      "id": "way/1022617964"
    },
    {
      "type": "Feature",
      "properties": {
        "@id": "way/1022617967",
        "hgv:conditional": "no @ (width >= 102\" AND (trailer:count = 2 OR trailer:length >= 48'))",
        "highway": "primary",
        "name": "State Street",
        "ref": "PA 722",
        "source:hgv": "https://www.dot.state.pa.us/public/pubsforms/Publications/TruckersMap.pdf",
        "surface": "asphalt",
        "tiger:cfcc": "A31",
        "tiger:county": "Lancaster, PA",
        "tiger:name_base": "State",
        "tiger:name_type": "St",
        "tiger:reviewed": "yes",
        "tiger:zip_left": "17520",
        "tiger:zip_right": "17520"
      },
      "geometry": {
        "type": "LineString",
        "coordinates": [
          [
            -76.3587356,
            40.0982763
          ],
          [
            -76.3585669,
            40.0983586
          ],
          [
            -76.3585137,
            40.0983858
          ]
        ]
      },
      "id": "way/1022617967"
    },
    {
      "type": "Feature",
      "properties": {
        "@id": "way/1022617968",
        "hgv:conditional": "no @ (width >= 102\" AND (trailer:count = 2 OR trailer:length >= 48'))",
        "highway": "primary",
        "name": "State Street",
        "ref": "PA 722",
        "source:hgv": "https://www.dot.state.pa.us/public/pubsforms/Publications/TruckersMap.pdf",
        "surface": "asphalt",
        "tiger:cfcc": "A31",
        "tiger:county": "Lancaster, PA",
        "tiger:name_base": "State",
        "tiger:name_type": "St",
        "tiger:reviewed": "yes",
        "tiger:zip_left": "17520",
        "tiger:zip_right": "17520"
      },
      "geometry": {
        "type": "LineString",
        "coordinates": [
          [
            -76.3585137,
            40.0983858
          ],
          [
            -76.3583841,
            40.0984572
          ]
        ]
      },
      "id": "way/1022617968"
    },
    {
      "type": "Feature",
      "properties": {
        "@id": "way/1022617970",
        "hgv:conditional": "no @ (width >= 102\" AND (trailer:count = 2 OR trailer:length >= 48'))",
        "highway": "primary",
        "name": "State Street",
        "ref": "PA 722",
        "source:hgv": "https://www.dot.state.pa.us/public/pubsforms/Publications/TruckersMap.pdf",
        "surface": "asphalt",
        "tiger:cfcc": "A31",
        "tiger:county": "Lancaster, PA",
        "tiger:name_base": "State",
        "tiger:name_type": "St",
        "tiger:reviewed": "yes",
        "tiger:zip_left": "17520",
        "tiger:zip_right": "17520"
      },
      "geometry": {
        "type": "LineString",
        "coordinates": [
          [
            -76.3583841,
            40.0984572
          ],
          [
            -76.3582211,
            40.0985582
          ],
          [
            -76.3575407,
            40.0989758
          ],
          [
            -76.3570644,
            40.0992694
          ],
          [
            -76.3569263,
            40.0993563
          ],
          [
            -76.3568415,
            40.0994056
          ],
          [
            -76.356616,
            40.0995232
          ],
          [
            -76.3562982,
            40.0996725
          ],
          [
            -76.3557634,
            40.0999203
          ],
          [
            -76.3555874,
            40.0999936
          ]
        ]
      },
      "id": "way/1022617970"
    },
    {
      "type": "Feature",
      "properties": {
        "@id": "way/1022618004",
        "NHS": "yes",
        "highway": "trunk",
        "name": "Main Street",
        "old_ref:legislative": "138",
        "ref": "PA 72",
        "surface": "asphalt",
        "tiger:cfcc": "A31",
        "tiger:county": "Lancaster, PA",
        "tiger:name_base": "Main",
        "tiger:name_type": "St",
        "tiger:reviewed": "yes",
        "tiger:zip_left": "17520",
        "tiger:zip_right": "17520"
      },
      "geometry": {
        "type": "LineString",
        "coordinates": [
          [
            -76.3508978,
            40.0939935
          ],
          [
            -76.351005,
            40.09417
          ],
          [
            -76.351136,
            40.094414
          ],
          [
            -76.3511617,
            40.0944598
          ],
          [
            -76.351491,
            40.095048
          ],
          [
            -76.3517847,
            40.0955772
          ],
          [
            -76.352225,
            40.096402
          ],
          [
            -76.352383,
            40.0967029
          ],
          [
            -76.3525839,
            40.0970272
          ],
          [
            -76.3529469,
            40.0976974
          ],
          [
            -76.353256,
            40.0982715
          ],
          [
            -76.353307,
            40.0983665
          ],
          [
            -76.353742,
            40.0991344
          ],
          [
            -76.3537921,
            40.0992228
          ],
          [
            -76.3538857,
            40.0994056
          ],
          [
            -76.353934,
            40.099493
          ],
          [
            -76.35402,
            40.099655
          ],
          [
            -76.3540683,
            40.0997697
          ],
          [
            -76.3540917,
            40.0998198
          ],
          [
            -76.3541418,
            40.100022
          ]
        ]
      },
      "id": "way/1022618004"
    },
    {
      "type": "Feature",
      "properties": {
        "@id": "way/1022618007",
        "highway": "tertiary",
        "name": "Miller Road",
        "surface": "asphalt",
        "tiger:cfcc": "A41",
        "tiger:county": "Lancaster, PA",
        "tiger:name_base": "Miller",
        "tiger:name_type": "Rd",
        "tiger:reviewed": "yes",
        "tiger:zip_left": "17520",
        "tiger:zip_right": "17520"
      },
      "geometry": {
        "type": "LineString",
        "coordinates": [
          [
            -76.3505784,
            40.0935517
          ],
          [
            -76.3496129,
            40.0935907
          ]
        ]
      },
      "id": "way/1022618007"
    },
    {
      "type": "Feature",
      "properties": {
        "@id": "way/1022618008",
        "highway": "tertiary",
        "name": "Miller Road",
        "tiger:cfcc": "A41",
        "tiger:county": "Lancaster, PA",
        "tiger:name_base": "Miller",
        "tiger:name_type": "Rd",
        "tiger:reviewed": "yes",
        "tiger:zip_left": "17520",
        "tiger:zip_right": "17520"
      },
      "geometry": {
        "type": "LineString",
        "coordinates": [
          [
            -76.3496129,
            40.0935907
          ],
          [
            -76.3494559,
            40.0935961
          ],
          [
            -76.3491618,
            40.0936063
          ],
          [
            -76.3489937,
            40.0936121
          ],
          [
            -76.3484948,
            40.0936294
          ],
          [
            -76.3482467,
            40.0936442
          ],
          [
            -76.3480296,
            40.0936673
          ],
          [
            -76.3477998,
            40.0937046
          ],
          [
            -76.3475637,
            40.0937518
          ],
          [
            -76.3472734,
            40.093827
          ],
          [
            -76.3468755,
            40.0939377
          ],
          [
            -76.3466778,
            40.0939943
          ]
        ]
      },
      "id": "way/1022618008"
    },
    {
      "type": "Feature",
      "properties": {
        "@id": "way/1213452216",
        "highway": "secondary",
        "name": "Graystone Road",
        "tiger:cfcc": "A41",
        "tiger:county": "Lancaster, PA",
        "tiger:name_base": "Graystone",
        "tiger:name_type": "Rd",
        "tiger:reviewed": "yes"
      },
      "geometry": {
        "type": "LineString",
        "coordinates": [
          [
            -76.3558957,
            40.1065477
          ],
          [
            -76.3554728,
            40.1064771
          ],
          [
            -76.3553655,
            40.1064632
          ],
          [
            -76.3549802,
            40.1064074
          ],
          [
            -76.3544463,
            40.1063404
          ]
        ]
      },
      "id": "way/1213452216"
    }
  ]
}